:020000040000FA
:10300000781D00206D32000049EF0000773200008B
:1030100000000000000000000000000000000000B0
:103020000000000000000000000000007F320000EF
:103030000000000000000000833200005DCA0000B4
:103040008732000069E80000D9E8000011E90000BB
:1030500081E90000B9E9000029EA0000953200008A
:10306000FD9E0000F5520000F5EB000059ED000058
:103070009F320000DDEE000095EE0000A53200005A
:10308000C9E3000081A00000D5A0000029A1000034
:1030900079A1000099E1000055EB0000B953000050
:1030A00025540000F9530000BB320000BD3200007F
:1030B000BF320000C1320000C332000041F1000005
:1030C000FEFFF0FF00F02CF800F058F81FB51FBD10
:1030D000020001000000E907040E53543132313080
:1030E0003048542D56322E31000000000000000000
:1030F00000000000000000005354313231303048ED
:10310000542D5057522D4F54412D56322E31000020
:1031100000000000000000000000000000000000AF
:103120000CA030C8083824182D18A246671EAB46DC
:1031300054465D46AC4201D100F020F87E460F3E79
:103140000FCCB6460126334200D0FB1AA246AB464E
:103150003343184734C8000054C80000002300243B
:1031600000250026103A01D378C1FBD8520700D3BE
:1031700030C100D50B60704710B510BD00F0A7FF3F
:103180001146FFF7A3FF0BF0B1FC00F017F803B4F2
:10319000FFF7F2FF03BC0AF0D9FF70477047704792
:1031A000004870471818002010B500200249029A04
:1031B00000F0ACFF10BD00000000F87F10B5044621
:1031C000C046C0462046FFF7E2FF10BD704770477B
:1031D000010000C04241543332473133374748344D
:1031E00038000000010001000000E90704020000AF
:1031F00000000000000000000000000000000000CF
:1032000000000000000000000000000000000000BE
:1032100000000000000000000000000000000000AE
:10322000000000000000000000000000000000009E
:103230000000000070B505460C46164602E00FCCB3
:103240000FC5103E102EFAD2082E02D303CC03C5B0
:10325000083E042E07D301CC01C5361F03E02178B8
:103260002970641C6D1C761EF9D270BD1948804708
:1032700019480047FEE7FEE7FEE7FEE7FEE7FEE748
:10328000FEE7FEE7FEE7FEE7FEE7FEE7FEE7FEE716
:10329000FEE7FEE7FEE7FEE7FEE7FEE7FEE7FEE706
:1032A000FEE7FEE7FEE7FEE7FEE7FEE7FEE7FEE7F6
:1032B000FEE7FEE7FEE7FEE7FEE7FEE7FEE7FEE7E6
:1032C000FEE7FEE7FEE7000004480549054A064B15
:1032D0007047000061CA0000C53000007818002067
:1032E000781D00207819002078190020034610B5B9
:1032F0000B439B070FD1042A0DD308C810C9121F16
:10330000A342F8D018BA21BA884201D9012010BDD1
:103310000020C04310BD002A03D0D30703D0521CA5
:1033200007E0002010BD03780C78401C491C1B1BD3
:1033300007D103780C78401C491C1B1B01D1921E3D
:10334000F1D1184610BDF8B5042A2CD3830712D04A
:103350000B78491C0370401C521E83070BD00B785E
:10336000491C0370401C521E830704D00B78491C73
:103370000370401C521E8B079B0F05D0C91ADF003B
:103380002023DE1B08C90AE0FFF754FFF8BD1D46E5
:1033900008C9FD401C46B4402C4310C0121F042A2B
:1033A000F5D2F308C91A521EF0D40B78491C0370E9
:1033B000401C521EEAD40B78491C0370401C012AA1
:1033C000E4D409780170F8BD01E004C0091F0429A4
:1033D000FBD28B0701D50280801CC90700D0027088
:1033E000704700290BD0C30702D00270401C491E51
:1033F000022904D3830702D50280801C891EE3E7DB
:103400000022EEE70022DFE7002203098B422CD3E3
:10341000030A8B4211D300239C464EE003460B4324
:103420003CD4002243088B4231D303098B421CD386
:10343000030A8B4201D394463FE0C3098B4201D378
:10344000CB01C01A524183098B4201D38B01C01AB0
:10345000524143098B4201D34B01C01A5241030927
:103460008B4201D30B01C01A5241C3088B4201D3D6
:10347000CB00C01A524183088B4201D38B00C01A83
:10348000524143088B4201D34B00C01A5241411AAA
:1034900000D201465241104670475DE0CA0F00D08D
:1034A0004942031000D34042534000229C46030986
:1034B0008B422DD3030A8B4212D3FC22890112BA0C
:1034C000030A8B420CD3890192118B4208D38901E4
:1034D00092118B4204D389013AD0921100E08909FC
:1034E000C3098B4201D3CB01C01A524183098B42DD
:1034F00001D38B01C01A524143098B4201D34B01C6
:10350000C01A524103098B4201D30B01C01A524128
:10351000C3088B4201D3CB00C01A524183088B42AF
:1035200001D38B00C01A5241D9D243088B4201D338
:103530004B00C01A5241411A00D201466346524123
:103540005B10104601D34042002B00D54942704722
:1035500063465B1000D3404201B50020C046C04620
:1035600002BD0000F0B50C46871A9C410D46861A34
:103570009D4103D2C01BA141D21963410D0D1F0D06
:10358000C94EEC1BAE435CD07F057F0D0026002F9B
:1035900051D02D05AC46A943DD020123ED0A1B05E0
:1035A0001D4320231B1B24D41746E74038187141C4
:1035B0002F46E740CC199D402818314661410C0D3B
:1035C00027D161449A4013D50023401C5941520031
:1035D0000ED14008400001224B005205D34207D3D0
:1035E00005204007C14201D5B04900E0B04930464E
:1035F000F0BD6B00002A00D001229A181F23203C46
:103600001B1B01D5002302E0E540281871410C0D79
:10361000D7D0012424050919C407CD07400849085B
:10362000E40F28436144002CD5D00024401C6141A4
:103630009A40D0D1CDE76A05520DD9D1C90FC9073B
:10364000D5E79C4D4E00002801D0012400E0002465
:1036500034195F00002A01D0012600E00026BE19BF
:10366000954FAC420CD8AE420AD8B44206D00125E0
:103670006D05EC42BCD010461946F0BD9942FCD015
:1036800000203946F0BDF0B51FB40C460F46811A34
:103690009F412546861A9D4106D20125ED076F40C0
:1036A000401ABC4152187B41210D1E0D8D1BAC46AA
:1036B0007D4D8D437ED075056D0D7CD00D05AE46DC
:1036C000AC431B031B0B794D52429D4120236646A0
:1036D0009B1B14D31746F7403818002600907441FE
:1036E00060462F460741E41900989D40281866411E
:1036F00016D4714671189A4025D5012320E09318FD
:103700002A466A415200002B00D0521C1E23203E44
:103710009B1B002B61DD3541EE1728186641E8D56B
:10372000001876415B1C9A4000D3401C4B05F318EF
:103730001524E34010D3002B52D071467118D30FDB
:10374000C01802D3491C05B0F0BD0123DB079A4223
:10375000F9D140084000F6E701225205B21801D124
:10376000002853D00123CC0ADB029943891E002A8A
:1037700008D1020C03D0020C0004103902E002460A
:10378000002020390023550B05D112020823550BC8
:1037900001D152010D23550C01D112011B1DD50C75
:1037A00001D192009B1C150D01D152005B1C2025FC
:1037B000EE1A01E02CE022E00546F5401543984062
:1037C000CA1AE10769181305C918002ABBDA0320D1
:1037D00040070818C10FC9070FE071466118B2E72A
:1037E000F10740080843711071444A000CD00123CE
:1037F0005B059A42A7D2C90FC9070020A3E7490574
:10380000490D26D1002001E00028F4D100219AE7DB
:10381000284D6600002801D0012100E00021711828
:103820005F00002A01D0012600E00026BE19224FC9
:10383000A94210D8AE420ED8B14208D001256D057C
:10384000E94206D01946A802414010467BE79C4257
:1038500001D0214677E70020394674E710B50C46C1
:103860005C4005D50124E4076340FFF70CFF10BD61
:10387000FFF778FE10BD30B40C465C4004D501243F
:10388000E407634030BC6DE630BCFCE670B5012453
:10389000E40761400D465D4002D4FFF763FE70BD52
:1038A0006340FFF7F0FE70BDFF0700000000F0FF6F
:1038B0000000F07F0000E0FF0000F87FF0B5F94D58
:1038C0000C091E092C402E402F468BB0A7437DD0FB
:1038D000B543FCD0002E7AD0002CFCD00D465D40C4
:1038E000ED0F2543AC1BFF25AD0464190894C502F8
:1038F000440DC9022143500DDC0204430120C007DE
:1039000001430443D2020191200C110C00958C4616
:10391000010423468B430A9161460904E24D8A4320
:103920000991010A7D4449198039097805464D43BA
:1039300001266D18F605751B6943C90C640B891CBB
:103940004C436418B5012C1B250C2E04B4434C4386
:103950004D43210C691889090591009DE90701D0A3
:103960000121C90704912C4601996708CD072F430F
:103970004C08059DE10B4D432D0C294666467543C9
:1039800002950D4645432E46029D7D1BB441009590
:103990000D465D4301942C0C2F040D465543AE4655
:1039A0002D0C3D43029503947546049C2D04641B25
:1039B000049406D2029C039D641C00267541039565
:1039C000029401AC70CC009F7D1B01E03EE162E1FE
:1039D000B44109040095079101940599A408614335
:1039E000090C0C464443650BE7040C4666467443D9
:1039F000A646640B3C43039502947446049DE4047C
:103A00002C1B049406D2029C039D641C0026754165
:103A10000395029401AC70CC009F7D1BB4410194CE
:103A20000C465C430095650FE7000C465443A646E0
:103A3000640F3C43039502947446049DE4002C1BE0
:103A4000049406D2029C039D641C002675410395D4
:103A5000029401AC70CC009F7D1BB441AE09AF064F
:103A6000049DC900AD092F43049DA406AD0604952D
:103A7000079D344369180791059DE10B4D432D0CBB
:103A800029466646754302950D4645432E46029DDE
:103A90007D1BB44100950D465D4301942C0C2F0411
:103AA0000D465543AE462D0C3D4302950394754695
:103AB000049C2D04641B049406D2029C039D641C88
:103AC000002675410395029401AC70CC009F7D1BCC
:103AD000B44101948C050694079C890A61180095ED
:103AE0000791019C0599A4086143090C0D464543C3
:103AF000680BEF040D46644665436C0B3C43049F22
:103B0000ED047D1BAC4602D20025641C6841009E7A
:103B1000019D371B85410846584301950C46460FC9
:103B2000C5005443600F28436546E4002C1B02D2B5
:103B30000025401C6E41019D3F1AB5412846BD0934
:103B4000800628438446A009BF064E020699A406B3
:103B500076180743079D002068410A99079019438A
:103B60000020099B00906046FF1913434041E20F7B
:103B700064003A43A4460446D71A8C41A04203D9B4
:103B80000120009020463A46C70F941840416246F3
:103B9000D20F2243644664000494009CBE46640035
:103BA000D71AA446044602978C417746002F01D1CC
:103BB000A04204D96046401C8446029A2046C40FA5
:103BC000A64694184041049A0546D20F2243644603
:103BD0006400D31A8D417146002901D1A84202D94F
:103BE00028461A46641C10430122002800D01643C0
:103BF00061020020079B891904465C410223002CC6
:103C000002DB491813466441089DCE0A2D145D1944
:103C10004B056705E10A2C050D1908993E43C907B4
:103C20006940002B08D0934006D30022761C5141F6
:103C3000002B01D1760876001C4A002D43DB15428B
:103C400041D0AA433FD030460BB0F0BD06180D4618
:103C50004D41174C7642AC411AD395181C465C4135
:103C6000134A6D42A24113D3012252054C00D442A3
:103C70000AD15C00D4420BD04B4002D592021143D2
:103C8000E2E749004908DFE75940C90FC90718E0D2
:103C900000200849D8E7054801420DD10342F7D07A
:103CA000F2E700000000FF07DEBF00000000F07F29
:103CB0000000E0FF0000F87F114859400143C012A6
:103CC00041400020C0E70123089A9B069A4205DC88
:103CD000032252078918C90FC907B5E70522520701
:103CE0008918074A1143D2125140ADE770B5154605
:103CF0001C4602460B4628462146FFF7DFFD70BDF5
:103D0000FFFFFF7F30B50346CA02400D1043164D3A
:103D1000164C0A1502D02043002A06DBAA1A002AF4
:103D200012DDD040FF2A0BDC30BD5205520D01D10F
:103D300040004008AA1A07D4D0404042FF2A01DDC3
:103D4000002030BD0028FCDD4A00002B01D00120FE
:103D500000E00020101801225205D042F0D8C81708
:103D6000C043604030BD00001E0400000000008021
:103D70001F22030C02D10F22000402D0030E03D035
:103D800004E00020014670470002083A030F01D109
:103D90000001121F830F01D18000921E002801DB59
:103DA0004000521E120551184205C012411810461B
:103DB0007047C10FC90700D040420122920711434A
:103DC000D6E701218907D3E7F0B58B4C0F092546CB
:103DD00089B0BD437BD01D092646AE43FAD00E46BE
:103DE0005E402740F60F3E43254071D0240121421A
:103DF000FBD0FF24AD19A4042D1B039501252D052F
:103E0000DB02DB0AC9022B43C90A29431E0109014F
:103E1000040F130F050121431701880B82039143FF
:103E20002D098C46A90B1E438A039543B30B9A03B5
:103E300096433F09BA0B9403A74302962E467E434E
:103E40000497B6464E19D7190C4601965443059768
:103E50007E43371B7646BF1B3601B646BE0B36196E
:103E600000967646BC043719009C01D3641C00946C
:103E70006400002F01D001263443029E049F754345
:103E800066467E430496760034196E003419009419
:103E9000029C019E1C196643751BAE46069465463E
:103EA0004519059C05956C43594375460891691A57
:103EB0000191049E01465143A41B0491611A009C88
:103EC0000791E10605D061090122114302E072E089
:103ED0006EE06109089D00272C0A2D066918049DD3
:103EE0007C412A0A2D066918019D6241AC0DAD0284
:103EF0006D185441079A910D920255196141029A29
:103F0000644658435443069B059A5A43121A131B9E
:103F10009A0E9B015B187A41010B0005C3185141B1
:103F2000220A200644195A419A4200D2491C012013
:103F30004002814203D315230226F64302E01423F4
:103F40000326F6432020C51AA9401746AF40DA40A1
:103F50000A4320460399D8400914731819055118CB
:103F6000039A3843D2075140AC4009D00122944013
:103F700006D30022401C5141002C01D140084000D2
:103F80001E4A934212D3012203989206904207DB05
:103F90000520400709181A480143C012414004E0B7
:103FA000032040070818C10FC907002009B0F0BD61
:103FB0000020F107FAE705180C464C4111486D4204
:103FC000A04115D394181A465A410E4864429041B4
:103FD0000ED301204A004005824209D35A00824292
:103FE00006D35940C90F084AC90700201143DDE72D
:103FF00000200649DAE700000000FF07FE07000086
:10400000FFFFFF7F0000E0FF0000F07F0000F87F6F
:10401000F8B5224C4E00069DA6420AD8A64201D110
:10402000002806D15E00A64203D8A6420AD1002A83
:1040300008D00D24240425422CD02946002000F06D
:104040002FF8F8BD0C461C430CD4994202D0EFF374
:104050000080F8BD904202D0EFF30080F8BDEFF38E
:104060000080F8BD09242407E5008B4206D0EFF359
:104070000080A043591A06D2284304E0101A05D341
:10408000EFF30080A04380F30088F8BDEFF30080D9
:10409000A043F1E70095FFF787F8F8BD0000E0FFC7
:1040A000C80212D54803400F002804D0C803C043FB
:1040B000012188407047EFF30080000100090321CF
:1040C0000907084380F30088704700207047754651
:1040D000FFF766F8AE46050069465346C008C000C3
:1040E000854618B020B5FFF7EFF860BC00274908F7
:1040F000B6460026C0C5C0C5C0C5C0C5C0C5C0C580
:10410000C0C5C0C5403D49008D46704710B50C463E
:104110001107090F092904D00A290AD008290CD14E
:1041200004E011460820FFF7BBFF06E0510606D564
:1041300001E0510601D50120C007214610BDD1067E
:1041400007D501010909CC084907000E0006044300
:1041500009E0410F20024907000A0143200E000632
:104160001D22D14101430846E7E770B58C18057858
:10417000401C6B075B0F01D10378401C2A1106D14C
:104180000278401C03E00678401C0E70491C5B1E40
:10419000F9D12B0705D40023521E0DD40B70491CF6
:1041A000FAE70378401CCB1A921C03E01D780D70CF
:1041B000491C5B1C521EF9D5A142D8D3002070BD0A
:1041C00010B500F055F810BDF8B505460E4614467A
:1041D0000020009001211A4801751A480078884390
:1041E00018490870082088700020887108460078F7
:1041F000012108431349087008460572002717E09B
:1042000010480078802108430E49087000BF0E480E
:10421000007D0028FBD000200B4908750948C089A3
:104220002080A41C0748C1890098081800907F1CB2
:10423000B742E5D331460098FFF7E6F880B2F8BD03
:1042400040610040005004404060004030B589B0FB
:1042500004460025202101A8FFF7D4F801AA08216F
:104260002046FFF7B1FF0546284609B030BD0000E3
:1042700010B501211C4801751C4800782021084315
:104280001A49087000201A4908701A490875152043
:1042900009F038FF00BF18488078402108431649CC
:1042A000887008468078012108431349887000BF50
:1042B00028200F4908700020887008468078887090
:1042C0000846807808210843094988700020087151
:1042D0008871FF20C872002088720846007801218A
:1042E00008430349087010BD4061004020040240AB
:1042F00000500440406000406000044072B600215D
:10430000086880F3088800BF4868804700BFFEE760
:1043100078B50546002000900026002408E0281902
:10432000552105F038FCE10088408619601CC4B2B4
:10433000042CF4DB304678BD70B505460E460024EB
:1043400009E0E3002A46DA40D1B23019552205F0DF
:104350003DFC601CC4B2042CF3DB70BD10B50446F8
:1043600000BF00BF0620FFF771FF074908800988DA
:10437000064A128851434A018918080B0A21FFF79F
:1043800043F80349086010BD540800209C06002033
:10439000BC040020FFB581B004460D4600270097FD
:1043A000002660780002A778C119277900970020BD
:1043B00018706079552802D1A079AA2802D005206A
:1043C00005B0F0BD012203E0A05C8019C6B2521C0A
:1043D000C81C8242F8D368460078802738400028FD
:1043E00002D00420187004E0081D854201D002208C
:1043F000187068460078772807D0684600787828D3
:1044000003D0082D01D002201870C81C205CB042D7
:1044100001D006201870081F039F38606846007896
:10442000CEE701460A78302A06DB0A78392A03DC0F
:104430000A78303AD0B200E0002070473CB502461E
:104440000B460020002400940194002129E01478F8
:10445000302C07DB1478392C04DC1478303C6D46A2
:104460006C5414E01478412C07DB1478462C04DCDF
:104470001478373C6D466C5409E01478612C06DBE7
:104480001478662C03DC1478573C6D466C546C46EB
:10449000645C5D1E6D1AAD00AC402043521C4C1C88
:1044A000E1B29942D3DB3CBD1CB50120022164235B
:1044B0000022009101901146594807F021F801208F
:1044C000022164230022009101901146554807F013
:1044D00017F8012002216423002200910190114667
:1044E000514807F00DF801200221FF232D3300224F
:1044F0000091019011464D4807F002F80120022179
:10450000FF232D330022009101901146484806F008
:10451000F7FF01200221FF232D330022009101909B
:104520001146444806F0ECFF0120022164230022DA
:10453000009101901146404806F0E2FF012002215F
:10454000642300220091019011463C4806F0D8FFF8
:104550000120022164230022009101901146384875
:1045600006F0CEFF01200221642300220091019079
:104570001146344806F0C4FF0120022164230022C2
:10458000009101901146304806F0BAFF0120022147
:10459000642300220091019011462C4806F0B0FFE0
:1045A0000120022164230022009101901146284835
:1045B00006F0A6FF01200221FF23F533002200911F
:1045C00001901146234806F09BFF0120022164233D
:1045D00000220091019011461F4806F091FF012032
:1045E0000221642300220091019011461B4806F02D
:1045F00087FF012002217D23DB0000220091019032
:104600001146174806F07CFF01200221154B0022BD
:10461000009101901146144806F072FF1CBD000085
:10462000F9BD00005D43000085780000A1DD0000B9
:1046300099CF0000C9630000496B00000D710000B4
:1046400059950000F95D0000056900006D46000005
:10465000BD97000021A8000091AA000029D6000003
:1046600001D7000060EA00005DD60000F8B50746FB
:10467000002500266A48007800280BD16948C07CD4
:104680008007C00F002805D16648C07C8006000F57
:10469000002800D1F8BD6448C06C002810D06348E1
:1046A0000068401C6149086061490968614A5143DA
:1046B000884208D900205D4908605B49C86402E06F
:1046C00000205A4908605848806C00280AD0002011
:1046D0005549C864C96C88B207F0A4FB564800214C
:1046E0000160D7E750484030008A02286AD04E481F
:1046F000C06C002845D1514800885149884240DBB0
:1047000000242AE0610048480830415A4B4800889C
:10471000323081421CDD4848015D005D401C464A44
:104720001055142917DD0020114608553E48C06C6D
:104730000121A14008433C49C8642046E10F091803
:1047400049104900611A01D1012604E0012502E067
:10475000002039490855601CC4B2042CD2DB324811
:10476000C06C002802D0344800210160002E05D022
:10477000002D03D002202E49086002E001202C49C0
:10478000086030480078002807D12748C06C00280E
:1047900023D001202B4908701FE02A480078012807
:1047A0001BD129480078012817D11F484030008AC2
:1047B000012812D100201C49C864224908702249EE
:1047C00008700AE018484030008A022805D11D48C8
:1047D0000078012801D11C4908701348C06C0028DA
:1047E00016D0002412E061000F480830405A1749E3
:1047F000884209DC0C48C06C0121A14088430A4969
:10480000C86400200C490855601CC4B2042CEADBC3
:104810000549C96C88B207F005FB00BF3AE7000004
:1048200023030020E0100020BC04002034040020FA
:104830004004002020BF0200380400203C0000207B
:10484000E40C00003C0400203D040020B80B0000F4
:10485000F0B58BB00020099008900790069000BF3B
:1048600000BF00BFB048007800282BD007F06EFED4
:104870000646FFF79EFA04460D46AC4801780078DC
:10488000401CAA4A107004290FDAA9480068FFF7F3
:1048900090FA064622462B46FEF7E0FF059104906B
:1048A000FFF730FAA249086028E0A14800688010AC
:1048B000A049086000209D4908709D4908609A49F8
:1048C00008701BE09C490020085E0921C94388420A
:1048D0000ADA07F03BFE97490968461A3046FFF7A7
:1048E00068FA04460D4609E007F030FE9149096870
:1048F000461A3046FFF75DFA04460D46002213467D
:10490000204629460AF0EEFC6AD200228B4B204654
:1049100029460AF0B5FC1ED289493620085EFFF709
:1049200048FA059104908649888EFFF74AFA0646B0
:1049300022462B46FFF748FA0022804B0191009057
:10494000FEF7BCFF03910290059B049AFEF786FFD9
:1049500004460D46AEE000227A4B204629460AF076
:104960008FFC1ED276492E20085EFFF722FA0591B1
:1049700004907349888DFFF724FA064622462B4699
:10498000FFF722FA00226D4B01910090FEF796FF8F
:1049900003910290059B049AFEF760FF04460D46C2
:1049A00088E067492620085EFFF703FA0591049026
:1049B0006349888CFFF705FA22462B460191009047
:1049C000FFF702FA064600225C4BFEF777FF0391E1
:1049D0000290059B049AFEF741FF04460D4669E0EC
:1049E0000022594B204629460AF07CFC1ED254492D
:1049F0003A20085EFFF7DDF9059104905049088FD1
:104A0000FFF7DFF9064622462B46FFF7DDF90022C5
:104A10004A4B01910090FEF751FF03910290059BD4
:104A2000049AFEF71BFF04460D4643E00022474B65
:104A3000204629460AF056FC1ED241493220085E23
:104A4000FFF7B7F9059104903D49088EFFF7B9F9D2
:104A5000064622462B46FFF7B7F90022374B019155
:104A60000090FEF72BFF03910290059B049AFEF73E
:104A7000F5FE04460D461DE031492A20085EFFF789
:104A800098F9059104902E49088DFFF79AF906468A
:104A900022462B46FFF798F90022284B01910090FF
:104AA000FEF70CFF03910290059B049AFEF7D6FED9
:104AB00004460D460022264B204629460AF0E0FB1C
:104AC0000AD20022234B204629460AF00BFC03D2CF
:104AD00000202149086005E020462946FFF712F929
:104AE0001D4908601C4800681C4988621C48017800
:104AF0000078401C1A4A10700A2907DA1748806AA1
:104B0000184909684018174908600BE00A21154840
:104B10000068FEF783FC1449086000201049087003
:104B2000104908600BB0F0BD3C0300206504002074
:104B30006C04002068040020440000200088C3406A
:104B40009C06002080841E410088C3C080841EC152
:104B500000408F4000408FC088030020BC0400202C
:104B60006404002060040020800300200FB50021B1
:104B7000009101910291039100200DE04200204933
:104B8000895A204A8A1A2049095651180AB2430004
:104B90001E49CA52411CC8B20228EFDB1B4A2C3AFC
:104BA0002C21515E1A4A11801A4A11800021184A9C
:104BB0009170184A917001201FE0164900228A5E08
:104BC00043001249C95E8A4206DA42000F49895AF7
:104BD000104A1180114688700D4900228A5E4300F8
:104BE0000A49C95E8A4206DD42000849895A084AD4
:104BF000118011468870411CC8B20128DDDB0FBD51
:104C0000D806002010270000EA100020E804002049
:104C100044000020400000203EB500250020009008
:104C200001900290002411E061003648405A364954
:104C3000401A6100354A515A401881B26200344826
:104C400081526100405A4519601CC4B2042CEBDB50
:104C50002C48001F40882C49401A40192C4908391B
:104C60004860084600892B4908802B4908800020AD
:104C7000284988702849887001241DE02648018849
:104C800062002348805A814206DA61002048405A77
:104C900021490880084684701E48018862001C482B
:104CA000805A814206DD61001948405A194908803E
:104CB00008468470601CC4B2042CDFDB17480078FF
:104CC00006280CDA1348008815490988401800B2F4
:104CD0001349088011480078401C104908700F489B
:104CE000007806280CD106210D4A0020105EFEF740
:104CF00095FB0C4908800020084908700849088085
:104D00003EBD0000A006002010270000F410002087
:104D1000C40400203C000020380000207204002061
:104D20007004002084030020FFB585B005460F46BF
:104D30001C460020049003900026FB490880207048
:104D40000798772873D00EDC722869D006DC00281B
:104D50006ED016280FD071286BD12AE0752870D03C
:104D60007628F9D167E07838030009F0BDF906FB31
:104D7000FAF9F896F762ED480390ED480078C0071D
:104D8000C00F002812D0552001F06CFD01280AD177
:104D90005022E8480399FEF7D6FA5020E2490880ED
:104DA0000020207004E02320207001E026202070E5
:104DB00044E209F0A7FA02900020C04301900C21C0
:104DC000D02004F053FC0C21D84804F04FFC0C21F7
:104DD000D94804F04BFC0C21D84804F047FC0F21C3
:104DE000D74804F043FC0121D14804F03FFC0421E2
:104DF00002A804F03BFC0421D24800F021FCD14978
:104E00001239098A884204D0042101A804F02EFC3A
:104E100003E00421CB4804F029FC002020700DE2BF
:104E20005021D02004F022FC0020207006E265E032
:104E3000B6E1FDE105E00A2006F0AAFF002020709F
:104E4000FCE10120BB490870B7480088401CB64906
:104E50000880BD4800880005000DBC49884202D08A
:104E600020202070EAE1692004F0D2FD002802D160
:104E700028202070E2E12320C002B54908600B2001
:104E800006F086FFB348B44908600120B3490860C2
:104E90000020A84908702070D0E10120A5490870C1
:104EA000A1480088401CA0490880A7480088A7495D
:104EB0002231884202D020202070BFE15A2004F025
:104EC000A7FD002802D128202070B7E1012040046E
:104ED0009F4908600C2006F05BFFA1489E490860CE
:104EE00001209E4908600020924908708E48008881
:104EF000401C8D490880002020709FE100208D49D2
:104F000008704870022088490880934800689149D9
:104F1000884207D0904800689149884202D02020FA
:104F200020708BE1FF207930874202D00220207070
:104F300084E18A480068012805D1A878E978090247
:104F4000401888490860A878E9780902401885491E
:104F50000968884207D0212020706FE14AE113E1FF
:104F60000EE120E178E02878697809024018049081
:104F70007A4904980968884244D078480068401EFD
:104F8000049988423BD1724A126852095201704B0F
:104F90001B689A1A01235B02991A6D4A126810461F
:104FA000FF38753804F062FD012802D00720207018
:104FB00044E1674800684009400165490968081AEA
:104FC0000121490288420ED961490968FF317531D2
:104FD000480940010121490204F048FD012802D09E
:104FE000072020702AE15A480068FF387538584970
:104FF00008605A480068401E5849086002E02120B5
:1050000020701BE158480378FF227532291D504853
:10501000006804F0C3FD00281BD0504800784549C3
:1050200008704E480068FF2109020840000A414903
:10503000487047480068FF30753045490860474868
:105040000068401C4549086000203F4908802070E6
:1050500001E007202070F1E0002603E0A85D35495B
:105060008855761C022EF9DB2878697809024018E9
:105070003E490860384800683649884227D169228D
:105080003A4801683748006801F020FC00203549A3
:1050900008600421364804F0E9FC692001F0E2FBD5
:1050A00001280CD1002020703149324809F03AFF24
:1050B00031482949086000202349088033E02C4901
:1050C0000020C04309F02EFF232020702BE022484F
:1050D0000068234988421AD15A222448016821488D
:1050E000006801F0F3FB00201E4908605A2001F01F
:1050F000B9FB012808D1002020701F48164908601C
:105100000020114908800EE0232020700BE0124897
:1051100000681949884204D00F480068174988423E
:1051200001D12720207089E058000020D0300000F5
:10513000940000205C0A0020D0180100D00002007A
:1051400024F400009203500096000020AA0A0000F8
:1051500088000020AA55AA555C0000208C00002081
:10516000AA5A550A800000209800002084000020E0
:105170008C2E00009966A55A55555A5AAAAA5A0A61
:105180000020207005F0F8F909F0BCF803210903AC
:10519000884202D20020207001E0072020704DE0FC
:1051A000042020704AE02878000669780904401835
:1051B000A97809024018E97840182249086028793E
:1051C0000006697909044018A97909024018E979AB
:1051D00040181D4908600846008882B21B480378C1
:1051E0001B491848006804F0C5FC17480088194995
:1051F000088023E055210120400404F0CCFC401C31
:10520000002802D12520207018E00421124804F063
:105210002DFC5A2001F026FB012806D10E490F482B
:1052200009F080FE0020207001E02320207005E0BE
:105230000020084908800420207000BF00BF09B08A
:10524000F0BD00007C0000207800002098000020C5
:105250005C0A0020580000200C2F00005A5A69698F
:1052600010B50E4909681822514308460721FEF778
:10527000CBF804460A49FEF7C7F840000949086020
:10528000094801F065F8012806D108480078042192
:105290008843001D0549087010BD0000B8040020B7
:1052A00040420F007000002000E602009400002041
:1052B00070B502460B46194618E0002012E0450082
:1052C000565B451C6D00555BAE4209DD4500545BE5
:1052D000451C6D00555B46009553451C6D005453AD
:1052E000451CE8B24D1E8542E9DCE9B20129E4DC47
:1052F00070BD000010B50021064841700648008BC3
:105300001C210840002804D01C2003490883FDF715
:105310005DFF10BD2460004040540440F0B5002102
:105320000023224D2C88E507ED0F002D02D001252A
:105330001E4E358034E02505290F0D011B4EA03689
:10534000AA190425D58195892D045689354314263B
:105350004E43174FF6197560167A14254D43ED1913
:105360002E721046002308E0C65C14254D43104FF2
:10537000ED190935EE545D1CEBB214254D430C4E6E
:10538000AD192D7A9D42EFDC012614254D43084FBF
:105390007E55084D2D686D1C064E3560034D2C88DA
:1053A00002252540002DC6D0F0BD00006054044009
:1053B000700B0020BC00002010B50D48007F0028B5
:1053C00001D009F069FB0A481C30407800280ED053
:1053D000002107481C3041700648008B022108401C
:1053E000002804D0022003490883FFF797FF10BD6F
:1053F000406000404054044010B500210648417010
:105400000648008BC007C00F002804D001200349C4
:105410000883FDF7DCFE10BD64600040405404408A
:105420007047000010B50021064841700648008B07
:1054300020210840002804D0202003490883FFF7DA
:10544000EFFF10BD60600040405404400146002959
:1054500002D10022074B1A71012902D11022054BFB
:105460001A71022902D14022024B1A71014A1079A5
:10547000704700000004024000B5C32292019178F9
:10548000F82211401B4A127811431B48EA2923D005
:105490000ADC0A46E03A130008F026FE0A181C202F
:1054A000242A2A2A2A161A2AED291FD004DCEB29DD
:1054B00016D0EC291CD117E0F02903D0F82917D118
:1054C0000E4815E00E4813E00C4811E00D480FE0BF
:1054D0000D480DE00D480BE00D4809E00D4807E0D0
:1054E0000D4805E00D4803E00D4801E0024800BF0B
:1054F00000BF00BD201C024040420F000048E801F0
:10550000006CDC0200366E010024F400001BB700C2
:1055100000127A00808D5B0000093D00C0C62D009E
:1055200080841E0070B50B460021002800D100BF0A
:10553000012802D140251D432943022801D1C0255D
:105540002943094D29706D788026B543064E757044
:10555000012808D1FF2200BF034DAC782546154035
:105560002C469442F8D170BD0004024078B5024642
:105570000020002A00D100BF002900D100BF012A6D
:1055800001D141252843012901D112252843022AAE
:1055900001D1C0252843022901D130252843134DCC
:1055A00028706D788026B543104E7570012A08D199
:1055B000002300BF0D4DAC7825461D402C469C4273
:1055C000F8D10A4D6D784026B543084E7570012913
:1055D0000BD10025009503E000BF009D6D1C0095D8
:1055E000FF266936009DB542F6D978BD0004024019
:1055F00070B503460C4600201CE0802117E0802592
:105600000540002D05D04506280E05465540284684
:1056100001E04506280E1D780D40002D02D00546FC
:10562000554028460D46CE0F7619F605310E002955
:10563000E5D15B1C2546661EF4B2002DDDD170BDA0
:1056400030B50246002015E01578521C2C0260404F
:10565000082300BF0124E4030440002C04D04400CC
:10566000064D6C40A0B201E04404200C5C1EE4B284
:10567000231EEFD14C1E211EE6DA30BD21100000A2
:1056800010B5024600200E4B1B68934202D2272021
:10569000C04314E00B4B1B69934201D97D200EE0FF
:1056A000002109E08B00064CE358934203D80B46D7
:1056B000283B18B202E0491CA529F3DB00BF10BD4E
:1056C000E0F4000060F70000F8B50446002600276B
:1056D00000BF61490968E1221201514308467D215A
:1056E000C900FDF79BFE0546002C29D100205B492F
:1056F00008705B480078022803D15A485A4908606C
:1057000006E057480078012802D1584856490860F9
:1057100057480088002803D156480088544908801B
:10572000514801685248008800F052FB06464A483A
:10573000016830464843242148434F49086008E047
:10574000022C06D10220454908704C4800684A499D
:105750000860494800684A490968401A4949086090
:10576000002C4FD1142068430968884203DA0120D5
:10577000454908700FE01320C04368434149096858
:10578000884203DD02204049087004E000203D49C2
:1057900008603D4908703C48007800285BD024210F
:1057A00035480068FDF73AFE00902B4801680098E4
:1057B000FDF72AFE0746002F0ED0052F0CD85A20E1
:1057C0003249087032483349088001203249087054
:1057D0003248334908803EE00F2F09D250202B4930
:1057E00008702B482B4908802C482D49088032E04E
:1057F0004620264908702648264908802748284917
:10580000088028E0022C26D10A2068431D49096837
:10581000884203DA01201C4908700FE00920C043C8
:10582000684318490968884203DD02201649087058
:1058300004E00020134908601349087012480078FA
:10584000002808D05A2011490870114811490880D1
:10585000012011490870F8BD140000200803002041
:10586000E7020020A8F40000EC03002070F4000020
:10587000D20200203C000020000300200C03002086
:10588000F00200200403002010030020D4020020B6
:1058900060270000DC020020DE020020C0A800001B
:1058A000E0020020FEB50027002500200190002620
:1058B0000024009076480078002800D1FEBD75488D
:1058C000806A002802DB7348876A02E07148806AB8
:1058D0004742002F01D1502604E003213846FDF74E
:1058E00093FD06466A48007802287DD16948806A9F
:1058F000002801DD35467FE06648806A66498842B7
:1059000038DD6648006866490968441865480068DB
:10591000C100401824214843A04202D2092000902F
:1059200011E0604800688100401824214843A042EB
:1059300002D20520009006E0002024214843A04226
:1059400001D20020009057490968009A514324224F
:105950005143601A7D21C900FDF756FD0190504862
:10596000019900684042FDF74FFD0546B54243DA14
:10597000354641E04748806A474248480068484900
:105980000968441847480068C1004018242148436A
:10599000A04202D20920009011E042480068810034
:1059A000401824214843A04202D20520009006E07E
:1059B000002024214843A04201D200200090394910
:1059C0000968009A514324225143601A3946FDF771
:1059D0001BFD01903248019900684042FDF714FD1B
:1059E0000546B54208DA00E001E0354604E0284803
:1059F0000078012800D1354625480078022813D1C7
:105A000026480068401B2549086025480068401961
:105A10002349086008460068002837DB00201C493D
:105A200008701F49086031E01948007801282DD11D
:105A30001848806A002829D01648806A002812DA9F
:105A400019490968E1221201514308466421FDF712
:105A5000DBFC12490968884205D911480068C01B5F
:105A60000F49086009E00D48006840190B490860BB
:105A70000B480068401B0A49086009480068002874
:105A800004DC0020024908700549086000BF15E7E2
:105A900010030020BC04002048F4FFFFF0020020A7
:105AA0000403002014000020F802002070B5002636
:105AB00000250024594800F027F900F0C9F8002813
:105AC00002D15749088070BD564800687D21C90041
:105AD00088426EDA534800684942884269DD52487C
:105AE00000884E4909888842F3DA00204F4908703F
:105AF0004F4800684F49096888420CD94C480088D3
:105B00004C490988401A4C498988484344490988C6
:105B100040184349088046480068464908604048A4
:105B20000088E1210901884256DD444800780328B5
:105B30000CDA43480088414909784900414A5052EB
:105B40003E480078401C3D49087045E000203B4934
:105B5000087003213B48FFF7ABFB3A488188008877
:105B6000401D814234DA002505E068003549085AB5
:105B70008619681CC5B2032DF7DB03213046FDF7FB
:105B800043FC84B230480088002802D12E480480AB
:105B900022E02D480088001D84420BDA201D2A498E
:105BA0000988884206DD00202849087026480480BC
:105BB00012E024E0254801780078401C234A107048
:105BC000142909DD0020114608701F48048003E0F5
:105BD0001B4800881C490880114801880088401C27
:105BE0000F4A1080E1204001814215DD002011465E
:105BF0000880FFF769FD0020134908800CE00B487E
:105C000001780078401C094A10700F2904DD00203B
:105C1000114608700249088000BF54E7FE030020C7
:105C200000040020800300208403002002040020E0
:105C30003003002034030020E80600200304002085
:105C40003C000020F0170020D202002004040020B5
:105C500023480078012801D100207047214800889E
:105C60002149884202DD0020204908801F48008821
:105C7000002806D01D480088401E1C4908800020CE
:105C8000EBE71B480078002814D11A480078002858
:105C90001DD019480078002803D118480078002842
:105CA00015D00120124908700020154908601149DB
:105CB00008700CE00E480078012808D111480088CF
:105CC00009491439884202DD002009490870084852
:105CD0000078012801D10020BFE70120BDE70000C6
:105CE000E70200203C000020F80C0000E002002049
:105CF000FC030020100300205D0300205B03002054
:105D000004030020840300202B490978022919D1BB
:105D10002A49098A012911D129490A780978491C97
:105D2000274B1970052A2ADD0121234A1170002111
:105D30001A4611702349498E018020E00021204A33
:105D400011701CE01C490978012918D11B49098AE6
:105D5000022911D11A490A780978491C184B19707F
:105D60000F2A0CDD0221144A117000211A4611700D
:105D70001549498E018002E00021114A11700E4937
:105D80000978012913D111490A880988491C0F4B48
:105D90001980E12189018A420CDD0221064A117035
:105DA0000949498E018000211A46118002E0002134
:105DB000064A118070470000E7020020FC04002022
:105DC000F803002070F40000A8F40000FA0300209B
:105DD00010B502460B461920002108E04C001C5B60
:105DE000944202DD4C1CE0B203E04C1CE1B21929E4
:105DF000F4DB00BF10BD0000F8B506460024002506
:105E0000FE480078002800D0F8BDE1210901FC48D7
:105E10000068FDF703FB07460A21FDF7FFFAF94981
:105E200048870A21F8480068FDF7EEFAF549C88668
:105E30000A21F6480068FDF7E7FAF2490887F448B6
:105E40000078002815D00846806A7D210901884223
:105E50000FDCF048007800280BD10421E9484030DD
:105E600001824038C06B8843E649C8630120E94994
:105E70000870E9480078002803D1E6480078002837
:105E80007ED0E048C06B08210843DE49C863E34880
:105E90000078002875D10120E0490870E12109014E
:105EA000DF480068FDF7BAFA0446DE494968D54A7A
:105EB000526D514308466421FDF7A6FA0546D948BC
:105EC0004068A0421FD8D848006800281BD1D74896
:105ED000D5490860CD480460D249496869225143D8
:105EE00008466421FDF790FAC849096888423ED8FF
:105EF000CC4949686922514308466421FDF784FA78
:105F0000C249086033E0C74840688008A0422ED2EA
:105F1000C548006800282AD1BA48806DFF21F531B4
:105F2000884224D3C148C0490860C1490978642225
:105F3000511AB64A12685143BD4A12786243881812
:105F40006421FDF761FAB1490860B64949688800E3
:105F50000521FDF759FAAD490968884207D9B149C9
:105F6000496888000521FDF74FFAA849086000201C
:105F7000B04908800A20AE490870A448006801E0D2
:105F80005BE004E1E12109014843A54908609F481D
:105F900000689D49086064219A4840304182A648C3
:105FA0000078002845D00020A34908709D4A516818
:105FB000964A126864235A431046FDF725FA914920
:105FC00048659E484088401C9C4948808D48406DEB
:105FD000692803D369208B4948652AE08948406DC8
:105FE000642808D38748406D692804D28548406DED
:105FF000844948651DE08348406D642812D2814879
:10600000406D50280ED97F48806DFF21F5318842C0
:1060100004D37C48406D7B4948650AE06420794997
:10602000486506E07748406D502802D850207549F1
:106030004865002082490870A9E08248007800285D
:1060400003D181480078002824D0804800780028B7
:10605000F2D17B4801780078401C794A10700F29F2
:10606000EADD012079490870002011460870664970
:106070000860002163484030418200206849086080
:1060800001206D49087064206949087070486949A9
:1060900008807CE000206A490870604908706B49FC
:1060A00008705848C06B082188435649C86357494F
:1060B0000968E1221201514308466421FDF7A4F961
:1060C0005749096888420CD950490968E1221201F0
:1060D000514308466421FDF797F9401C5049086078
:1060E00019E0504800682D21090148430621484322
:1060F000401E4B490968884209D24A4800682D2150
:1061000009014843062148434549086003E04448E3
:10611000006843490860E121090141480068FDF732
:106120007DF93949086009686422514308463749B6
:106130000968FDF769F981B2324840304182408AEE
:10614000632803DB63212F48403041822D484030D3
:10615000408A012803DC01212A4840304182294835
:106160004030408A294909684843242148432C4942
:106170000968081A3749886008468168234800681A
:1061800024225043814202D90020324988601D48B0
:106190004030408A2F4908801A48406D48601948AD
:1061A0004030408A142811DA2B480078401CC0B2D5
:1061B0002949087005280CDD002008701148006C82
:1061C0000121090308430F49086402E00020224925
:1061D00008700C484030408A192809DD00201E490B
:1061E00008700848006C01210903884305490864C8
:1061F00004484030408A022835DA2FE0230300208B
:1062000004030020BC040020FC020020F80200204F
:10621000760300207703002058030020E6030020C7
:10622000F002002014000020D802002080F40300B7
:10623000D4020020DC020020DE0200202400002026
:10624000E50300205D0300205B030020E70300203E
:106250006027000074070020E403002001210520CE
:1062600005F0F2F807E00548408A192803DD00210F
:10627000052005F0E9F800BFC6E50000FC04002099
:1062800010B50D480078401CC0B20B490870282892
:1062900011DB0020087009480068094909684018A6
:1062A00006490860FFF7FEFA04480068002802DA91
:1062B00000200249086010BDE8030020F002002021
:1062C000800300201E48C06B40210840402816D0A3
:1062D0001B48806A00280EDD1A4801780078401CAF
:1062E000184A1070092929DD002011460870012084
:1062F0001549087022E00020124908701EE010487D
:10630000C06B40210840402818D10D480168406802
:10631000FF302D3081420ED90C4801780078401CA6
:106320000A4A1070092909DD002011460870012071
:106330000549087002E00020044908707047000019
:10634000BC040020E802002041030020E9020020F4
:1063500070B5FFB081B005460026012149026846AC
:10636000FDF750F8002400BF06E02819552103F07E
:1063700012FC69460855641C012040028442F4DB8B
:10638000280A0002552103F007FB55221146284632
:1063900003F01CFC0646012E11D1280A00025521EB
:1063A00003F0FAFA002406E06A46115D2819552226
:1063B00003F00CFC641C012040028442F4DB3046F4
:1063C0007FB001B070BD000010B50446FE480078F3
:1063D000002800D010BDFD48C07C8006000F0028BA
:1063E0000BD0FA48C07C8007C00F002805D0F848C1
:1063F000806C01210843F6498864F548806C0221CD
:106400000840002823D1F349085E2721C943884268
:1064100004DDF1480021415E7D2914DB0020EF49B5
:106420000870EF480078401CC0B2ED490870112890
:106430002ADDE748806C02210843E5498864002092
:10644000E749087020E00020E54908701CE0E149B8
:106450000020085E2221C943884215DBDE48002166
:10646000415E782910DCDD480078401CC0B2DB4971
:106470000870112808DDD648806C02218843D44971
:1064800088640020D5490870D148806C04210840F8
:1064900000281ED1D3480078002816D1CC48806A45
:1064A000D149884211DDD1480078401CC0B2CF49A3
:1064B0000870112810DDC648806C04210843C449C7
:1064C00088640020C949087006E00020C7490870A8
:1064D00002E00020C5490870BD48806C08210840D2
:1064E00000281FD1C2480078002817D1B848806A18
:1064F000BD494942884211DABE480078401CC0B20A
:10650000BC490870112810DDB148806C082108438F
:10651000AF4988640020B749087006E00020B549FB
:10652000087002E00020B3490870A948806C10216F
:10653000084000282ED1A548C07C8007C00F002845
:1065400028D1AD480088AD490988AD4A89188842EC
:106550000ADCAA4800881146884205DBA648008864
:106560007D214901884211DDA6480078401CC0B257
:10657000A4490870112836DD9548806C1021084325
:106580009349886400209F4908702CE000209D49B1
:10659000087028E099480088E121C90088421FDD81
:1065A00095480088984988421ADA934800889349A8
:1065B00009887D22D2008918884211DA9348007830
:1065C000401CC0B29149087011280CDD8048806CD5
:1065D000102188437E49886400208C49087002E0BD
:1065E00000208A4908707A48806C012149040840DB
:1065F000002809D186480078002829D07448806C8A
:1066000008437349886423E07C480088E121C9007D
:10661000884210DD784800887B4988420BDA76484A
:106620000088764909887D22D2008918884202DADA
:1066300000207749087076480078002808D164481F
:10664000806C0121490488436149886405F0F0FEAB
:106650005F48806C012109040840002809D16D4879
:106660000078002810D05A48806C08435849886444
:106670000AE068480078002806D15548806C01215E
:1066800009048843524988645148806C0121890477
:106690000840002809D160480078002810D04C48F4
:1066A000806C08434A4988640AE05B480078002807
:1066B00006D14748806C0121890488434449886495
:1066C0004348806C0121C9040840002809D153487F
:1066D0000078002810D03E48806C08433C4988640C
:1066E0000AE04E480078002806D13948806C012124
:1066F000C9048843364988643548006C012109047F
:10670000084000281CD13248806D3749884204D89F
:106710004348C068434988420AD92D48006C01218A
:10672000090408432A49086401203F49087013E01E
:106730002748006C012109048843254908640BE0BF
:106740002348806D2849884206D22148006C0121E7
:10675000090488431E4908643348007800280BD098
:1067600031488078002807D01948806CFF2101311A
:1067700008431749886406E01548806CFF21013101
:1067800088431349886429480078002860D110485C
:10679000806C27490840002856D10D48406C0121E3
:1067A000C903084000284FD122480078401CC0B2DD
:1067B0002049087006284EDD01201C4908701E4A39
:1067C000517810783AE0000023030020E010002008
:1067D000BC0400204400002040000020DC03002016
:1067E000DB030020D002002088130000DD0300201E
:1067F000D1020020DE030020380000203C000020F1
:10680000DC050000DF030020740E0000E003002020
:106810006A0300206B0300206F0300206E0300203A
:10682000F007002000EC5E00300800206903002023
:106830009F000F00E10300209002002003F0CAFE39
:1068400000200649087006E000200449087002E0B4
:1068500000200249087000BFBCE50000E1030020F1
:1068600070470000F0B5074600BF0026384607F025
:1068700017FD1348006803F0BDFFFF217531484341
:106880000546002D03D005208003854201D9002054
:10689000F0BD002408E00B4909680819552103F0F0
:1068A0007AF9801986B2641CAC42F4D306480068B9
:1068B000FDF72EFDB04201D10120E9E70020E7E716
:1068C000A0000020A40000209C00002070B5064617
:1068D0000C461546284607F0E3FC0C2107480068E3
:1068E00003F0C4F805480168304608F01BFB044873
:1068F00001682046FDF720FD70BD0000A0000020CB
:106900009C00002010B504467D480078002800D087
:1069100010BD7C4A5178107803F06EFE002866D1D5
:1069200079480078401C78490870084600780328A8
:1069300035DD08460078142831DC012073490870E1
:106940007348806C802188437149886400207149B4
:106950000870714908706E48C06B012189050840B4
:10696000884218D16A48C06B49000840884212D05A
:106970006A480078401C6949087008460078032876
:1069800008DD08460078142804DC00200870012087
:106990006349087083E00020604908707FE05A482E
:1069A0000078142814DD58480078232810DC0120D2
:1069B0005C4908705648806C8021084354498864BB
:1069C0000120544908700121022004F03DFD66E0D9
:1069D0004D480078232862DD01204F49087034209B
:1069E000494908700121022004F02EFD57E00020E3
:1069F0004549087045480078002839D000204349AF
:106A000008704348406C012189020840884228D11F
:106A100045480088401C44490880084600880128F1
:106A200001D14249087041480078002820D03E48F2
:106A3000008802281CD13E480088322818DA01203C
:106A40003C4908703248C06B012149020843304973
:106A5000C8630020354908703349088034490880EC
:106A600006E00020314908702F490880304908802D
:106A70002E48007800280FD02D480088401C2C4953
:106A8000088008460088642809DD0020088027491E
:106A900008702549088002E00020254908801E482A
:106AA0000078002805D01A48806C802108431849D6
:106AB00088641748806C8021084080281BD1012001
:106AC0001D49087013480078002817D11B4800881A
:106AD000401C80B219490880194988420EDD0C48D3
:106AE000806C802188430A49886400201549087019
:106AF0001249088002E000201049088000BF07E723
:106B0000230300206002002016040020130400204C
:106B1000BC0400201E0400207D0300201F04002070
:106B200046030020140400201C040020150400204B
:106B30001A0400203D0300207003002018040020E8
:106B4000B80B00007504002070B505460024FE480F
:106B50000078002800D070BDFC480078002805D0DF
:106B6000FA480078401EF949087002E02846FFF70D
:106B700077FEF748007800285ED0F64800780028B5
:106B80005AD1F5480078002856D1F448806C002886
:106B900052D1F348007800284ED1F24800780028FE
:106BA0004AD1F1480078002846D1F0480078002802
:106BB00042D1EF48007800283ED1EE480078002806
:106BC0003AD1ED480078002836D1EC48007800280A
:106BD00032D1EB48007800282ED1EA48007800280E
:106BE0002AD1E9480078002826D1E8480078002812
:106BF00022D1E748007800281ED1E6480078002816
:106C00001AD1E5480078002816D1E4480078002819
:106C100012D1E348007800280ED1E248007800281D
:106C20000AD1E1480078002806D1CC48C06B402149
:106C30008843CA49C86311E0C8484030008A022826
:106C400006D1C648C06B40218843C449C86305E0EB
:106C5000C248C06B40210843C049C863BC480078A3
:106C6000002846D0BB480078002842D1BA480078B6
:106C700000283ED1B948806C00283AD1CB48007832
:106C8000002836D1CA480078002832D1C948007897
:106C900000282ED1C848007800282AD1C74800789B
:106CA000002826D1C6480078002822D1C54800789F
:106CB00000281ED1C448007800281AD1C3480078A3
:106CC000002816D1B4480078002812D1B3480078C3
:106CD00000280ED1B448007800280AD1BC480078BA
:106CE000002806D19D48C06B802188439B49C8631A
:106CF00011E09A484030008A012806D19748C06BBD
:106D0000802188439549C86305E09448C06B802181
:106D100008439249C8639148C06B4021084040280D
:106D200002D16408640001E0012004438B48C06B79
:106D300080210840802804D102212046884304464F
:106D400001E002200443A3480078844206D0204694
:106D500005F0BCFB0020A04908700CE09E480078BC
:106D6000401CC0B29C490870092804DD002008704E
:106D7000204605F0ABFB9748047094480078002843
:106D80007ED096480078002806D1954800780028E3
:106D900002D101209149087092480078002807D05C
:106DA00001208F49087000208F4908708F490880A2
:106DB0008B48007800282ED101208B4908708B4821
:106DC0000088401C89490880894801780078401C67
:106DD000874A1070012976DD022011460870834829
:106DE0000088012818DD81480088042814DA5B48EF
:106DF00000687D210901884265D200201146087093
:106E00007A49088001207649087000207649087088
:106E100001207849087056E0744800880A2817DA7B
:106E20004E480068744988424DD900207049087066
:106E30006E49088001206A49087000206A4908707C
:106E400005F0F6FA6D480078401C6C4908703AE08D
:106E5000664800880F281ADA404800687D218901B9
:106E6000884230D3002062490870604908800120C0
:106E70005B49087000205C49087005F0D9FA00E011
:106E80001AE05E480078401C5C4908701BE0002056
:106E90005749087055490880012051490870002061
:106EA000514908705349087054480078401C5349B0
:106EB000087005F0BDFA06E00020494908704A490B
:106EC00008704A4908802248007800283AD02148B2
:106ED0000078002836D120480078002832D11F4899
:106EE000806C00282ED11E48007800282AD11D4829
:106EF0000078002826D11C480078002822D11B48A1
:106F0000007800281ED11A48007800281AD11948A4
:106F10000078002816D118480078002812D11748A8
:106F2000007800280ED11948007800280AD11948A5
:106F30000078002806D118480078002802D11748A8
:106F400000785DE08EE00000230300202204002092
:106F5000690300207003002068030020BC040020A7
:106F6000580300205703002055030020530300203E
:106F7000510300204D030020490300204E03002050
:106F8000630300205E030020600300207A030020DA
:106F90007C0300206A0300206E0300206F030020A2
:106FA00074030020770300207F0300205D0300208E
:106FB0005B03002066030020500300204B030020E9
:106FC0007B0300206B0300206D0300206C03002076
:106FD0004403002023040020240400204003002058
:106FE000280400203E030020720300202604002015
:106FF0002A04002073030020881300003F030020B0
:1070000000282FD13448007800282BD1334800784D
:10701000002807D132480078002803D13148007891
:10702000002803D03048007800280BD02F48007883
:10703000002807D12E480078002813D02D4800786A
:1070400000280FD12C48007800280BD12B4A51780A
:10705000107803F0ABFB2A48C06B10210843284985
:10706000C8631AE02748007800280BD0234A5178DB
:10707000107803F09BFB2248C06B10210843204985
:10708000C8630AE01D4A5178107803F0A3FA1C483F
:10709000C06B102188431A49C8631A480078002839
:1070A00005D0194A5178107803F080FB11E0134A9B
:1070B0005178107803F0A0FA002805D0124A5178D0
:1070C000107803F073FB04E00F4A5178107803F056
:1070D00081FA00BF3FE500007F0300205E0300202F
:1070E0006003002063030020250300207C030020B0
:1070F0007403002075030020770300207402002031
:10710000BC04002072030020700200205F4909784F
:10711000002900D070475E4949685E4A1269914271
:107120002FD95B49896A00292BDB5949896A7D225D
:107130001201914225DA58490978002921D057498E
:107140000A780978491C554B1970322A3ADD54499E
:10715000097800290FD15349097800290BD1012161
:10716000504A11700021504A11804949C96B0422CC
:107170001143474AD16300214C4A1170474A1170AC
:1071800020E00021454A117046490978002907D0BE
:1071900046490978491CC9B2444A1170052903DCE3
:1071A0004049097800290DD100213E4A11703E4A1C
:1071B00011803749C96B04229143354AD1630021BC
:1071C0003A4A117037490978002910D036490988A0
:1071D000491C89B2344A11800A290BDB0021314A4B
:1071E0001170314A118001212D4A117002E00021F5
:1071F0002D4A11802E490978002907D12D49097897
:10720000002903D12C490978002915D020494031A3
:10721000098A022910D00121284A11700021214A2F
:107220001170214A11800422194940310A824039E3
:10723000C96B9143164AD16315494031098A022925
:1072400009D01E490978002912D01D490988114A20
:10725000D28E91420CDA0021184A1170114A117035
:10726000114A11800A49C96B04229143084AD1632B
:1072700013490988074AD28E914204DA0021084A4C
:107280001170104A117000BF44E700002303002072
:10729000BC040020E8060020D00200200E040020DC
:1072A000760300205903002010040020120400205F
:1072B00055030020530300205103002058030020F1
:1072C000380000207703002000200449087004499A
:1072D000086004490870044908807047DC080020F1
:1072E00050000020540000205800002010B500F08D
:1072F00001F810BD08B50020484908808870C870A2
:10730000087148718871C87101208860C8600020C8
:10731000086148618861C861086248628862C86221
:10732000086348638863C863084600693C49C865C8
:107330003A484069886540213848FEF781F9009055
:1073400040223849354801F07CFD02223549891E2A
:10735000684601F076FD002033490870C870487017
:1073600048608860887008734873C88110212E486F
:10737000FEF766F9009010222A4960312A4801F090
:1073800060FD022227495E31684601F05AFD19204E
:10739000264908806420486000208860C860102169
:1073A0002248FEF74DF9009010221E4920391F484F
:1073B00001F047FD02221B492239684601F041FDD8
:1073C0001A480188164840304182184840681449DC
:1073D0004865496D164A5268514308466421FCF7D6
:1073E00013F81449086011490988124A1268514378
:1073F00008466421FCF708F80F4908600846006851
:10740000E121090148430949896840180B4908608E
:1074100000200B490880488008BD0000F0070020CC
:10742000BC04002022045000300800207407002013
:1074300014000020F8020020FC020020F0020020CE
:107440002400002010B501210846FEF78FF8012125
:107450000846FEF767F80120FDF7F8FF00BF054872
:107460000079202108400028F9D00348034908602A
:1074700010BD000000040240001BB700B80400204B
:10748000F3B583B006460025346827793846049959
:1074900001F0E2FC002801D105B0F0BD654800789C
:1074A000002801D0082500E00725282F66D01CDC25
:1074B0000D2F5BD00ADC3B0006F016FE0DB8383C01
:1074C000B8B8B8B8B840444C5054B800202F68D071
:1074D00006DC112F3AD0182F54D0192F71D195E016
:1074E000262F62D0272FF9D144E0572F74D00EDC1D
:1074F000472F6CD006DC402F5BD0422F5DD0452F4C
:10750000ECD161E0512F65D0552FE7D163E0632FB7
:1075100078D006DC592F60D0602F5FD0622FDDD18C
:107520007CE0642F76D0662FD8D17BE001204249E1
:1075300008707CE000204049087078E0601904F091
:10754000ABF874E0601903F051FF70E0601904F0CB
:1075500001FC6CE000203949087068E001203749DF
:10756000087064E000203649087060E0012034496A
:1075700008705CE001203349087058E00020314970
:10758000087054E03048C06B0121890508408842EA
:1075900006D12E480078002802D101202B4908701E
:1075A00045E0601904F002FC41E0601904F0FEFAC5
:1075B0003DE0601904F090FA39E0601903F05CFFD7
:1075C00035E033E008E002E0FFF794FE2FE0FFF73C
:1075D0008DFE2CE02BE02AE029E028E01C48007812
:1075E00000280CD101201A4908700090194B002284
:1075F00011460190184803F083FF1849087016E0FF
:1076000000E007E0601903F00DFF10E0601904F0DE
:10761000E9FA0CE001201249087008E0601903F053
:10762000FDFF04E0601904F0A5FA00E000BF00BF10
:1076300000BF31E77A040020730400207A030020A1
:107640007B0300207C030020BC04002045030020B5
:107650007504002010270000418A00000800002067
:107660007604002070B504460E4680480089012843
:1076700027DD20783F280ED1032E0CDD01207C4928
:1076800008707C4800797C490870E0790978884264
:107690001ED0092070BD207800280DDB20787349AA
:1076A0000989884208DC032E06DD00207049087035
:1076B0002078714908700BE000206D49087009209E
:1076C000E8E720786C490978884201D00920E1E791
:1076D000082E06DBA078617809020843001DB0423D
:1076E00001D00120D6E7E078012801D00320D1E7BE
:1076F0002078002807D020783F286ED1E0795D49B6
:107700000979884269D101205C4908702079030019
:1077100006F0EAFC6778353638393A3C3D5F613F20
:10772000404142787843647837783E3B785D7278A0
:107730007878787878667878444546684849477814
:1077400078787878785878787878787878787878D9
:1077500078787878786A4A6C4B4C4D6E4E784F78D2
:1077600078787878785051787852535455565778BD
:107770007878787878595B74705A5C76780000BFB6
:1077800000BF00BF00BF00BF00BF00BF00BF00BF01
:1077900000BF00BF00BF00BF00BF00BF00BF00BFF1
:1077A00000BF00BF00BF00BF00BF00BF00BF00BFE1
:1077B00000BF00BF00BF00BF00BF00BF00BF00BFD1
:1077C00000BF00BF00BF00BF00BF00BF00BF042557
:1077D0001AE0502518E0902516E016E0182513E071
:1077E0000C2511E00C250FE014250DE00C250BE015
:1077F000062509E0082507E0082505E0082503E03F
:107800000C2501E0042045E700BF20783F2811D176
:10781000A078617809020843691C884208D1E079A0
:10782000174908700846007801280BDA022031E772
:1078300002202FE7A078617809020843A84201D00E
:10784000022027E76079552802D1A079AA2801D023
:1078500005201FE7B11E601C01F0FAFE711E615C7D
:10786000884201D0062015E7002013E78407002096
:107870007A0400200C0000207B0400201D0300205F
:107880007904002010B50446FE480078002800D096
:1078900010BDFD48006C4021084000281DD1FA4869
:1078A000806AFA49096D884213DDF9480078401C66
:1078B000C0B2F749087050281EDB00200870012074
:1078C000F4490870F048006C40210843EE49086410
:1078D00012E00020EE4908700EE0EB48806AEB49A8
:1078E000496D884208DA0020EA490870E648006CD1
:1078F00040218843E4490864E348406C4021084043
:1079000000287FD1E048806AE349884223DDE348CC
:107910000088401CE1490880E1480088401CE0499B
:107920000880E0480088401CDE490880084600883E
:10793000082866DD0120DC4908700020D74908804E
:10794000D7490880D7490880CF48406C4021084378
:10795000CD49486455E0CC48806AD449884224DD4A
:10796000CE480088401CCD490880CD480088401C86
:10797000CB4908800020CB490880CD484088801E34
:10798000C749098888423CDA0120C74908700020AD
:10799000C2490880C2490880C2490880BA48406C80
:1079A00040210843B84948642BE0B748806AB7498A
:1079B000896D88421EDDB9480088401CB74908809F
:1079C0000020B7490880B7490880B9480088801E60
:1079D000B2490988884214DA0120B34908700020AE
:1079E000AE490880A848406C40210843A649486435
:1079F00007E007E00020A9490880A9490880A949B3
:107A0000088014E0AB480078002810D00020A3497B
:107A10000880A3490880A3490880A3490870A549A4
:107A200008709948406C40218843974948649648BB
:107A3000406C012109040840002813D09E480078BA
:107A400000280FD000209D4908809D4908809D494D
:107A50000870994908708C48406C012109048843DA
:107A6000894948648848006C8021084000281DD15D
:107A70008548806A8549C96D884213DA9248007842
:107A8000401CC0B29049087050281EDB00200870CE
:107A900001208E4908707C48006C802108437A4997
:107AA000086412E00020884908700EE07648806A79
:107AB0007649096E884208DD0020844908707248C2
:107AC000006C80218843704908646F48406C8021B5
:107AD000084000287ED16C48806A7D4988422ADAB5
:107AE0007C480088401C7B4908807B480088401CFB
:107AF0007949088079480088401C7849088078488E
:107B00000088401C7649088008460088082811DD56
:107B100001207449087000206E4908806E49088071
:107B20006E4908806E4908805748406C80210843A0
:107B3000554948648DE05448806A6B49884228DA88
:107B400064480088401C6349088063480088401CE2
:107B50006149088061480088401C60490880002015
:107B60005F4908805D480088302872DD01205D494A
:107B700008700020574908805749088057490880F5
:107B8000574908804048406C802108433E4948647A
:107B90005FE03D48806A4549494288422ADA4D48BB
:107BA0000088401C4B4908804B480088401C4A49CB
:107BB0000880002049490880494908803C48C0881D
:107BC000801E45490988884243DA012045490870EA
:107BD000002000E03EE0404908803E4908803F49DF
:107BE00008803F4908802848406C80210843264986
:107BF00048642EE02448806A2449496E88421FDA8E
:107C000034480088401C33490880002032490880ED
:107C1000324908803249088025488088801E2D49D5
:107C20000988884215DA01202E4908700020294968
:107C300008801548406C802108431349486408E0D7
:107C400000202449088024490880244908802449C8
:107C5000088016E025480078002812D0002021492D
:107C600008701C4908801C4908801C4908801C4970
:107C700008801E4908700448406C802188430249EE
:107C8000486435E023030020BC040020E8060020FF
:107C9000B20300206203002020A10700B4030020EB
:107CA000B6030020B803002063030020E093040023
:107CB0001C000020640300205F030020C403002098
:107CC000C60300205E030020BA03002065030020E5
:107CD000C0BDF0FFBC030020BE030020C003002095
:107CE000C203002066030020A051F5FF67030020B7
:107CF000CF48406C012189050840002809D1CD48B2
:107D00000078002810D0CA48406C0843C84948642D
:107D10000AE0C8480078002806D1C548406C012117
:107D200089058843C2494864C148406C01218903E0
:107D30000840002809D1C0480078002813D0BC486A
:107D4000406C0843BA4948640DE0BB4800780028FD
:107D500009D1B748406C012189038843B44948647C
:107D60000020B6490870B6480078002804D0B4480E
:107D70000078401EB2490870B1484078002804D00D
:107D8000AF484078401EAE494870AE480178007850
:107D9000401CAC4A107009297EDB00201146087097
:107DA000A9480078002807D1A8480078002803D106
:107DB000A748007800281AD0A6480088401C80B246
:107DC000A44908801D2804DA9948806AA24988429B
:107DD00016DA00209F4908800120A0490870A049B8
:107DE0000870A049087014209549087008E0002028
:107DF0009A4908709A4908709A490870954908800C
:107E000099480078002817D098480088401C80B214
:107E1000964908801D2805DA8548806A7D21C900B9
:107E200088420EDD002091490880012090490870A9
:107E300014208349487004E000208D4908708B4964
:107E400008807C480078002811D08A480188008882
:107E5000401C884A10801D2905DC7548806A7D21F8
:107E6000C900884206DD00208249088002E0002027
:107E70008049088080480078002823D07F48007817
:107E800000281FD17E4801780078401C7C4A107081
:107E900006291ADD002000E0BBE011460870794891
:107EA0000078042806DB0120744908700020754919
:107EB00008700AE0002073490870704908706E4924
:107EC000087002E000206E4908705B4800780028C6
:107ED0003AD06A480078002810D05548806A7D2141
:107EE000C90088420ADD00206449087052490870C0
:107EF000614908706349087004F09AFA4F480078A5
:107F0000002824D04A4800685F49884218D95F4851
:107F100001780078401C5D4A1070042917DD0020AC
:107F200011460870444908704148806C802188439C
:107F30003F49886400204149087004F079FA06E05E
:107F400000205249087002E0002050490870504853
:107F50000078002825D04F480078002810D14E49DD
:107F600008704E4801780078401C4C4A10700A296D
:107F70001CDD00201146087001204649087015E0FC
:107F8000002046490870444801780078401C424A65
:107F900010700F290ADD0020114608703D49087055
:107FA00004E000203C4908703C49087028480078EB
:107FB000002807D124480078002803D123480078FE
:107FC00000282BD01A48C06B1021084010280DD172
:107FD00033480078401CC0B2314908700A2808DBD9
:107FE0000020087001202F49087002E000202C4971
:107FF00008702C48007800280CD02B480078401CD2
:10800000C0B2294908700F280FDB002008702549ED
:1080100008700AE000202449087006E0002020498A
:108020000870214908701F49087000BF30E4000043
:10803000BC0400206D0300206C03002073030020AB
:1080400011030020B10300205E0300206003002024
:1080500063030020CA03002018FCFFFF5F03002019
:10806000610300206403002066030020CC0300208D
:1080700067030020CE030020400300203E030020C1
:10808000E60200203F030020B80B0000D0030020D0
:108090007403002075030020D2030020D1030020C8
:1080A000D303002025030020D4030020FEB50020C8
:1080B000029001900126AC484078002803D10021AD
:1080C000A9488170FEBDA848D438007800900220ED
:1080D000A549D4390870A448807800287ED00024AF
:1080E00092E02046E117490F091849050F0E0126B5
:1080F000E117490F0918C910C900621A31469140A9
:10810000CEB29948C01CC05D3040B04279D1610008
:1081100095484C30405A00280AD0610092484C30B3
:10812000405A401E81B262008F484C30815269E053
:108130008E48005D00280BD161008C48C038415A40
:108140006200803881520021FF300130015558E033
:10815000002552E061008448CC30405A00281DD1EF
:1081600061008248C038415A6200803881527F489D
:10817000005D022802D101217C4801557B4840382E
:10818000005D401CC1B2794840380155005DC828E7
:1081900031DDC8217548403801552CE06100724836
:1081A000CC30405A401E81B262006F48CC308152C0
:1081B0006100405A00281ED161006C48C038415A05
:1081C0006200803881526948005D022802D1012195
:1081D0006648015565484038005D00E01AE0401CE3
:1081E000C1B2624840380155005DC82803DDC8218E
:1081F0005E4840380155681CC5B25B488078A8428B
:10820000A8DC00BF601CC4B2402C00DA69E7002182
:108210005548817000251EE054484038405D0028D4
:1082200017D05248405D012813D1A9004F48403073
:10823000405800280DD04C480B30405D4C4909781F
:10824000884206DB48480B30405D49490870494880
:108250000570681CC5B2402DDEDB444840384549F6
:108260000978405C00286FD0404842490978405C5A
:10827000012869D13F48007881003C48403040588F
:10828000002861D03B480078810038484030405891
:108290000290384800788100374840580190032107
:1082A0003248344A12788154324801782E481438C2
:1082B00001750299019888472C4840382D49097862
:1082C000405C401EC1B2294840382A4A1278815485
:1082D000FF21FF38E138017526490878C117490F99
:1082E0000918CF10012623490878C117490F09182A
:1082F000C910C900421A31469140CEB21A48C01C7A
:10830000C05D3040B0421FD1FF21174814380175BD
:108310001549D43900980870144816490978405C0A
:10832000032811D11148403812490978405C0028CF
:1083300005D102210D480F4A1278815404E0012131
:108340000A480C4A1278815400200A4908700849EA
:108350000870FF210448143801750349D439009886
:10836000087000BFAEE60000E4110020F01300200A
:10837000B9020020BA0200203015002030B593B0B9
:108380000024FE4903C9079106900020049005903F
:108390004C22FB49FB4800F049FD0222F849891EA6
:1083A00012A800F043FD4C21F64805F0BBFC002864
:1083B00009D14C21F348FDF743F910A909898842F6
:1083C00001D1012400E00024002C27D10020EE4937
:1083D0000870EE490870EE48C06B0121C90388435C
:1083E000EB49C8630846C06B012109048843E8498A
:1083F000C8634C22E749E348FAF7A5FF4C21E5485A
:10840000FDF71EF908904C22DD49E24800F019FD05
:108410000222DB49891E08A800F013FDD948008814
:10842000DD4988420ED0D748408888420AD0D848D3
:10843000C06B0121C9030843D549C8630120D24953
:10844000087009E0D248C06B0121C9038843D049B4
:10845000C8630020CC490870CA48808CCE49884245
:1084600003D1C848C08C00282CD0C648008DCA490A
:10847000884203D1C348408D002823D0C148808D55
:10848000C549884203D1BF48C08D00281AD0BD48D5
:10849000008EC149884203D1BA48408E002811D0CD
:1084A000B848808EBC49884203D1B648C08E0028A7
:1084B00008D0B448008FB84988420ED1B148408FE7
:1084C00000280AD1B248C06B012109048843B04991
:1084D000C8630020AD49087009E0AD48C06B0121B8
:1084E00009040843AA49C8630120A84908708C22DE
:1084F000A349C039A94800F099FC0222A049C23919
:1085000011A800F093FC8C21A44805F00BFC002876
:1085100009D18C21A148FDF793F810A989888842D8
:1085200001D1012400E00024002C15D18C229C49AB
:108530009A48FAF77FFE8C219948FDF781F8089058
:108540008C228F49C039964800F07BFC02228C496E
:10855000C23908A800F075FC0822894960319148A9
:1085600000F064FC022286495E3110A800F05EFC37
:1085700008218C4805F0D6FB002809D1082189483C
:10858000FDF75EF810A90988884201D1012400E0B6
:108590000024002C1BD17949083103C903910290B2
:1085A000082202A97F48FAF7CEFE08217D48FDF790
:1085B00047F808900822724960317A4800F041FC7F
:1085C00002226F495E3108A800F03BFC00BF082280
:1085D0006B497031744800F029FC022268496E3101
:1085E0000BA800F023FC08216F4805F09BFB002836
:1085F00009D108216C48FDF723F86946898D884226
:1086000001D1012400E00024002C14D16748664900
:108610000860486008216448FDF712F808900822B5
:1086200057497031604800F00CFC022254496E3109
:1086300008A800F006FC0822514980315C4800F08F
:10864000F5FB02224E497E310AA800F0EFFB08211B
:10865000574805F067FB002809D108215448FCF76A
:10866000EFFF6946098D884201D1012400E0002412
:10867000002C19D15A204E4908805020488064208F
:1086800088805A20C88008214948FCF7D9FF089003
:1086900008223B498031464800F0D3FB022238498A
:1086A0007E3108A800F0CDFB10224249424800F07C
:1086B000BDFB02223F49891E0FA800F0B7FB102125
:1086C0003D4805F02FFB002809D110213A48FCF75E
:1086D000B7FF6946898F884201D1012400E0002458
:1086E000002C1CD1254B10331A681B1D0BCB01AD80
:1086F0000BC5009210222F49684600F0A2FB102102
:108700006846FCF79DFF0F9002222A49891E0FA898
:1087100000F097FB284869462EC92EC000BF2648A6
:1087200001881B4840304182234840681849486509
:10873000496D1D4A5268514308466421FAF764FEA8
:108740001E4908601C4909881C4A126851430846A2
:108750006421FAF759FE1A49086008460068E121C9
:1087600009014843144989684018164908604022A5
:1087700010492031144800F059FB27E08CF8000024
:10878000C20250009C0600207803002079030020DC
:10879000BC0400204CF3000010270000E806002075
:1087A00098F300001C00002014000020A0860100A7
:1087B000300000200204500074070020F80200205E
:1087C000FC020020F0020020F007002002225D4998
:1087D0000EA800F02BFB40215B4805F0A3FA00280F
:1087E00009D140215848FCF72BFF6946098F884280
:1087F00001D1012400E00024002C03D14021524883
:10880000FAF700FE002050498860084600694F4989
:10881000C8654D484069886510224A4962314C4814
:1088200000F004FB02224749603109A800F0FEFA7B
:108830001021474805F076FA002809D11021444854
:10884000FCF7FEFE6946898C884201D1012400E0D4
:108850000024002C05D13E48002101604160816068
:10886000C1603B48007B3B4908703948407B3A492E
:10887000087014223349BE39384800F0D7FA022272
:108880003049C0390DA800F0D1FA1421334805F061
:1088900049FA002809D114213048FCF7D1FE694675
:1088A000898E884201D1012400E00024002C03D1EC
:1088B00014212A48FAF7A4FD02F01EFD04222149E2
:1088C0008E39274800F0B2FA02221E4990390CA8CE
:1088D00000F0ACFA1421224805F024FA002809D14E
:1088E00014211F48FCF7ACFE6946098E884201D16D
:1088F000012400E00024002C13D11A480390042125
:1089000003A8FCF79DFE089004220E498E3903A8A7
:1089100000F097FA02220B49903908A800F091FA6A
:1089200000BF11480088401C0F4908800748C06BF1
:10893000C02108430549C8630C480D49C86408654F
:1089400013B030BD20045000F0070020BC0400200C
:1089500030080020DE020020D40200204008002061
:10896000D0310000010000C024000020AAAAAA0201
:108970008407002010B50A480078002800D110BDF7
:1089800000200749087002F00FFC012006F0E6FA0B
:10899000012006F0E1FA012006F064FB00BFEEE7DB
:1089A0007103002010B50346002403E0002000F00E
:1089B0000FF9641C9C42F9D310BD000010B50346AA
:1089C000002403E0034800F003F9641C9C42F9D33F
:1089D00010BD0000B80B000070B5064634461348C1
:1089E000007800281FD10120104908701048017834
:1089F000104800780C2250430F4A10580170122280
:108A00000E49601CFAF79FFC1321204605F0F6FB87
:108A10000546E57428122075152221460548007880
:108A200005F0F8F801E001F0CBFF70BD77040020FD
:108A30007804002074040020B00C0020D0F800005E
:108A400010B504460548007801F0ECFB0448806C42
:108A5000802108430249886410BD000008000020FE
:108A6000BC040020FEB5012600200190009056486D
:108A7000007802900120544908700846407C002884
:108A800055D000244EE02046E117490F091849054A
:108A90000D0E0126E117490F0918C910C900621A05
:108AA00031469140CEB248481230405D3040B0422D
:108AB00036D1002730E0610043482430405A002876
:108AC0000DD141481230415DB1434155801C005DDC
:108AD00002281FD101213C48143001551AE06100E1
:108AE00039482430405A401E81B262003648243052
:108AF00081526100405A00280CD133481230415D48
:108B0000B1434155801C005D022803D101212E484C
:108B100014300155781CC7B22B48407CB842CADCDF
:108B2000601CC4B2102CAEDB0021274841742648DB
:108B3000143026490978405C012836D12348007852
:108B4000810021485430405800282ED01F4800781A
:108B500081001D485430405801901C480078810025
:108B60001948943040580090032117481430174A90
:108B700012788154154800781349087401990098B7
:108B8000884700211148007882000F4854308150F6
:108B90000E48007882000C489430815080380B4A8F
:108BA00012788154FF200849087408480078401C56
:108BB0000649087008460078102801DB002008707C
:108BC000014902980870FEBD10110020B802002073
:108BD000002100E0491C8142FCD37047F8B50546EE
:108BE0002C461321204605F009FB0746E07C217D39
:108BF0000902084300900098874200D0F8BD194848
:108C0000007800281BD11222611C1748FAF76EFB6E
:108C1000C6B2002E24D12078144908701448007878
:108C20000C225043134A11583222134802F0C0FC60
:108C30007D22D2000021114802F0BAFC10E012227D
:108C4000611C0F48FAF752FBC6B2002E05D1322242
:108C50000021094802F0ACFC02E000200149087044
:108C600000BFCBE777040020ACF8000078040020B8
:108C700074040020B00C0020D98900006DA500000C
:108C8000E2F80000F0B585B004462568A08802909F
:108C900003AB01AA28460299FBF77CFB064668460F
:108CA000007B002805D103AB3246E81D0199FCF793
:108CB0003BF86846007B052803D1FEF705FB05B0AD
:108CC000F0BD6846007B00280FD06846007B29284D
:108CD0000BD02D480068401C2B490860032807D999
:108CE0000020086000F06AF802E0002026490860D1
:108CF0006846007B254900900B78802131430A4665
:108D0000234909780C277943224F7858224905F0E6
:108D100095FA1F4800780C214843394640180189CC
:108D20001A4800880930081881B2194800780C22C6
:108D300050433A4680180181FEF7C6FA5D20C00113
:108D4000C0681649884205D02F200002C068144927
:108D5000884216D1134800681349884204D011484C
:108D60000068124988420CD1FFF704FE0120104927
:108D70000870104908707D22D20000210E4802F0D0
:108D800017FC00BF9BE70000A8000020580000204F
:108D900074040020B00C00205C0A00209966A55ADB
:108DA0005A5A69695C00002055555A5AAAAA5A0AAB
:108DB0007A0300207B03002079A5000010B5164837
:108DC0000068164988420DD1692000F021FE692211
:108DD0000021C9430846FDF779FD1149002006F03E
:108DE000A1F812E00C4800680E4988420DD15A20C3
:108DF00000F00EFE5A220021C9430846FDF766FD29
:108E000007498031002006F08DF8002002490860F3
:108E10000549088010BD00005C000020AA55AA5535
:108E20008C2E0000AA5A550A9600002070B5044600
:108E30000D46164632462946204606F010FA012015
:108E400070BD70B504460D4616462246314628468A
:108E500006F07AF970BD0000F3B585B0074600252D
:108E6000FD4800780C214843FC490C58FC48007828
:108E700020700120E07038468030207155206071EC
:108E8000AA20A0710698E071F6480078002807D063
:108E90000422F54920460830FAF755FA042500E087
:108EA00000250698002832D06E1D3004000E607038
:108EB000A670A078617809020843C01C86B2E64813
:108EC00000781C214843E9494018008BB0421CDD62
:108ED000A078627812021043811C601C00F0B8FB7D
:108EE000A0550021DC4800780C225043DB4A801852
:108EF000C180701C81B2D84800780C225043D74AF8
:108F000080180181002007B0F0BD0020FBE73B0086
:108F100005F0EAF867EF35369394EFA7B2373839A2
:108F20003A3B3CEFEFCB3FEF55EFBC9EEF534FEF9B
:108F3000EFEFEFEFEF40EFEF4243DA443D3EF0EF6B
:108F4000EFEFEFEFEFEDEFEFEFEFEFEFEFEFEFEF33
:108F5000EFEFEFEFEF46F947EBEA484549EFE9EF6E
:108F6000EFEFEFEFEFE84AEFEFE74BE64CE54DEFC1
:108F7000EFEFEFEFEF41E4514E50E352EF0000BF4F
:108F800000BF00BF00BF00BF00BF00BF00BF00BFE9
:108F900000BF00BF00BF00BF00BF00BF00BF00BFD9
:108FA00000BF00BF00BF00BF00BF00BF00BF00BFC9
:108FB00000BF00BF00BF00BF00BF6E1D9AE1AC48FC
:108FC00004902E466536A748007801281AD1A94892
:108FD0000078002807D12946083108196022049931
:108FE000FAF7B1F928E0A3480078401E6022504308
:108FF000A14A811828460830031960221846FAF75A
:10900000A2F919E096480078002807D129460831CE
:10901000081960220499FAF796F90DE09048007853
:10902000401E60225043944A811828460830031994
:1090300060221846FAF787F95CE15BE12E463D367F
:1090400029460831081938228C49FAF77CF951E190
:10905000552629460831081950228949FAF773F92B
:1090600048E104F06DFE55262946083108195022C2
:109070008449FAF768F93DE12E4651362946083110
:1090800008194C228049FAF75EF933E12E469136F1
:109090008C227E497E48FFF7C9FE2946083108190F
:1090A0008C227B49FAF74FF924E12E461936142217
:1090B00078497948FFF7BAFE294608310819142281
:1090C0007549FAF740F915E12E460D36711F08195A
:1090D00008227249FAF737F90CE101E1ADE086E0C8
:1090E00069E04CE02FE02BE020E016E00BE09AE096
:1090F00000E0FEE02E460D36711F0819082268496F
:10910000FAF721F9F6E02E461536294608310819F6
:1091100010226449FAF717F9ECE02E460D36711F5C
:10912000081908226049FAF70EF9E3E02E464536A1
:1091300029460831081940225C49FAF704F9D9E0B8
:109140002E461136D6E05A480078002816D1012064
:10915000022100910190404800780C2148433F498A
:1091600040187D23DB00002201460390514802F0A5
:10917000C7F95149087001204D490870BAE04C48C0
:109180000078002816D10120022100910190324878
:1091900000780C214843314940187D23DB00002230
:1091A00001460390454802F0ABF94549087001209B
:1091B0003F4908709EE03E480078002816D1012003
:1091C000022100910190244800780C214843234952
:1091D00040187D23DB00002201460390394802F04D
:1091E0008FF93949087001203149087082E0304810
:1091F0000078002816D10120022100910190164824
:1092000000780C214843154940187D23DB000022DB
:10921000014603902D4802F073F92D490870012092
:109220002349087066E02E46713629460831081930
:109230006C222849FAF787F85CE02E4609360422AA
:1092400025492648FFF7F2FD711E0819042223491B
:10925000FAF779F84EE0000074040020B00C00200A
:109260007B0400207A0400200C00002054F400004D
:10927000BC040020790400201C05002054080020B4
:10928000D03000008C0800209C0600200202500014
:10929000E806002062035000400800201C00002067
:1092A000000000207407002014000020F0070020B8
:1092B000B5040020C5B00000B4040020CBB000000D
:1092C000B2040020C7B00000B1040020C9B0000003
:1092D000B004002084070020520300002C0000206E
:1092E0002E460D36711F081908222049FAF72BF86F
:1092F00000E000BF00BF582F05D0562F03D0542FD9
:1093000001D0502F01D10020FDE53004000E607027
:10931000A670A078617809020843C01C86B2144880
:1093200000781C21484313494018008BB0421BDDD4
:10933000A078627812021043811C601C00F088F94A
:10934000A05500210A4800780C2250430A4A801890
:10935000C180701C81B2064800780C225043064A36
:10936000801801810120CEE50020CCE530000020EE
:109370007404002054F40000B00C002010B56D4BB4
:109380009A785978187801F045F96B4B9A785978A2
:10939000187801F03FF9694B9A785978187801F0FC
:1093A00039F9664A5178107801F000FA644B9A78DE
:1093B0005978187801F02EF9614A5178107801F047
:1093C000F5F9604B9A785978187801F023F95D4ADD
:1093D0005178107801F0FEF85B4B9A78597818783C
:1093E00001F018F9584A5178107801F0F3F8574B0A
:1093F0009A785978187801F00DF9544A5178107814
:1094000001F0E8F8524B9A785978187801F002F98F
:109410004F4A5178107801F0C9F94E4B9A78597833
:10942000187801F0F7F84B4A5178107801F0D2F82B
:1094300004220021052001F0EDF80021052001F0B3
:10944000B5F9042211460C2001F0E4F804220321AE
:109450000C2001F0DFF8042206210D2001F0DAF8DB
:1094600004220221062001F0D5F80422032106205F
:1094700001F0D0F804220521072001F0CBF80422E6
:109480001146072001F0C6F804220121072001F04F
:10949000C1F804220021072001F0BCF804220121B8
:1094A000052001F0B7F804220221012001F0B2F8F2
:1094B00004220121084601F0ADF804220021012018
:1094C00001F0A8F8042206210E2001F0A3F80422DE
:1094D0000721022001F09EF804220021022001F061
:1094E00099F804220121022001F094F804220221BB
:1094F000084601F08FF804220321022001F08AF8C7
:1095000004221146022001F085F8042205210220E0
:1095100001F080F8042200210D2001F07BF80422E4
:109520000121002001F076F8042200210E2001F034
:1095300071F810BD60020020680200206C0200205B
:1095400090020020640200207002002074020020BB
:109550007C0200207802002023490978002900D0ED
:1095600070472249896A224A914211DA0021214A30
:10957000117021490978491CC9B21F4A11700A2982
:1095800030DB002111700222184940310A8229E0A3
:109590001649896A7D22D200914211DD0021164AC6
:1095A000117014490978491CC9B2124A11700A296C
:1095B00018DB0021117001220C4940310A8211E0B0
:1095C00000210C4A11700C4A11700C4909780029CD
:1095D00004D00422054940310A8203E000220349F5
:1095E00040310A8200BFBBE723030020BC040020F7
:1095F00018FCFFFFE2030020E303002058030020D3
:1096000010B5022003F07EFA02490860084600689F
:1096100010BD0000B40200200B48C07CC007C00F82
:1096200000280FD10848807C4007C00F002809D1CE
:109630000648C079002805D10448007A002801D1E5
:10964000012070470020FCE7E0100020D01000202F
:1096500010B502460B460020002103E0545C24189C
:10966000E0B2491C9942F9D310BD0000F8B5064696
:109670000D463746002000901C483018002806D0C0
:109680001D21C902401A05D0401A09D105E0552014
:10969000009005E06920009002E05A20009000BF91
:1096A00000BF0098002804D00098FDF7DBF80128DF
:1096B0000BD1002406E0385D0D49098809190D4ACF
:1096C0005054641CAC42F6DB0AE0002406E0FF20A4
:1096D000074909880919074A5054641CAC42F6DB53
:1096E00003480088401902490880F8BD30CFFFFFC9
:1096F000580000205C0A002070B5024601240021B9
:109700001EE00846CD176D0F2D186D052B0E012498
:10971000CD176D0F2D18ED10ED004E1B2546B540F1
:10972000ECB2D01CC05C2040002807D18320800010
:109730001018405C032801D0084670BD481CC1B217
:109740004029DEDBFF20F8E770B502460124002146
:109750001CE00846CD176D0F2D186D052B0E01244A
:10976000CD176D0F2D18ED10ED004E1B2546B540A1
:10977000ECB2901CC05C2040002805D1101D405C5C
:10978000032801D0084670BD481CC1B21029E0DB97
:10979000FF20F8E710B5FDF755FEFFF7EFFD03F0EA
:1097A00099F904F059F9FAF70BFD01F0BDFB5020CF
:1097B000FFF704F902F0F0FE10BD000010B50446FA
:1097C00027480078002820D12648806C002818D12E
:1097D00025480021415E052913DAFCF773FD234873
:1097E000007800280DD0224A5178107800F0DEFF72
:1097F0001C48C06B022108431A49C863012018495C
:10980000087000201B49087028E017480021415EBD
:109810000A2907DA1348806C002803D11148806AAE
:1098200000281BDA134801780078401C114A107098
:109830001E2913DD0020114608700D4A517810785A
:1098400000F0C8FE0020094908700648C06B0221DC
:1098500088430449C86300200149087010BD000016
:1098600042030020BC0400204400002041030020EB
:1098700064020020EA020020F8B504460D460020EC
:10988000009000271D4908701D490880002614E03B
:1098900014232A462146362000F0A4FA002802D1DB
:1098A000012000900BE07D27FF0000BF3846791EA5
:1098B0008FB20028FAD1701CC6B2082EE8DB00BFB8
:1098C00014E00F4801880088401C0D4A10807D205C
:1098D000C00081420ADD0020114608800948006866
:1098E000401C084908600020009003E0034800780D
:1098F0000028E6D000BF0098F8BD0000D30000208B
:109900009802002048000020F8B504460D460020CB
:10991000009000271D4908701D490880002614E0AA
:1099200014232A462146362000F0A4FA002802D14A
:10993000012000900BE07D27FF0000BF3846791E14
:109940008FB20028FAD1701CC6B2082EE8DB00BF27
:1099500014E00F4801880088401C0D4A10807D20CB
:10996000C00081420ADD00201146088009480068D5
:10997000401C084908600020009003E0034800787C
:109980000028E6D000BF0098F8BD0000D2000020FB
:10999000980200204800002010B502460B46002126
:1099A000AC20174C607072B61020164CE060F120AD
:1099B000206255206060AA20A0600020C043106093
:1099C00000E0491C0F480068C007C00F002802D102
:1099D0000D488142F5DB0B48006801242043094C07
:1099E00020600020E06020622046006862B60748E0
:1099F0000068814201DB002010BD0120FCE700006F
:109A00000010024000000240C0D40100700000209D
:109A1000F0B5044600260027552C03D174260327F1
:109A20003F0311E05A2C04D1742601277F045524EA
:109A30000AE0692C04D174262327FF02552403E091
:109A4000AA2C01D10226084F002509E06902C81995
:109A50002146FFF7A1FF002800D1F0BD681C85B2A8
:109A6000B542F3DB0120F8E700025000F0B5FFB08B
:109A700086B006460C46002084900121490204A8C5
:109A8000F9F7C0FC770A7F02F51B002003900290D3
:109A900001204002844203D900207FB006B0F0BD0F
:109AA000601901214902884201D90846441B01205E
:109AB0004002001B401B03900020029006E0029829
:109AC000395C04AA11540298401C029001214902F9
:109AD00002988842F3DB10202349C860F120086215
:109AE00055204860AA2088600020C043306002E012
:109AF0008498401C84901C480068C007C00F002850
:109B000003D11A4984988842F2DB17480068012182
:109B10000843154908600020C860086208460068CC
:109B2000134984980968884201DB0020B5E7552372
:109B30002A4604A9384600F031F8012801D0002057
:109B4000ABE7281904A9401801907819001955238A
:109B50000090039A019900F021F8012801D000201B
:109B60009BE7012099E7000000000240C0D40100FB
:109B700070000020FFB506460C461746002507E09A
:109B80007019039900F007F82070641C681C85B2F6
:109B9000BD42F5DBFFBD024610787047FFB581B0CE
:109BA00005460E46174600240BE0305D009028194C
:109BB000049A009900F00AF8002801D105B0F0BD20
:109BC000641CBC42F1D30120F8E70000F8B504465C
:109BD0000D46174600260094F12016490862AA2077
:109BE000486055208860009C257000E0761C114874
:109BF0000068C007C00F002803D10F4800688642E4
:109C0000F4DB0C480068012108430A490860002081
:109C1000086209480068864201DB0020F8BD394629
:109C20002046FFF7B8FFA84201D10120F6E7002047
:109C3000F4E7000000000240700000200121064807
:109C4000017006488088022108430449888000206A
:109C5000034908707047000020610040601504400F
:109C60002060004008B51648808802210843144946
:109C700088800846408913490840114948810846B0
:109C80000089104908400E49088108460089491595
:109C900008430B4908810020009005E000BF68469A
:109CA0000078401CC1B20091684600780E28F5D9B2
:109CB00003480089022108430149088108BD0000CA
:109CC00060150440FDFF00000548407C802188436A
:109CD0000349487400BF00BF00BF00BF00BF70470A
:109CE000201A04403848007810210843364908708B
:109CF000002036490874012135480170002035499B
:109D00000870324948744B2088745320C874084640
:109D1000407C012108432D494874982008752E483D
:109D2000807C022108432C4988740846807C0121EC
:109D30000843294988742548007C082108432349A1
:109D400008740846007C042108432049087408462A
:109D5000007C802108431D4908740846007C40218E
:109D600008431A49087400211948017000BF1B48B4
:109D7000C07D042188431949C87519488079400875
:109D8000400017498871164820308079400840000B
:109D900013492031887100BF00BF1048C07D0421E5
:109DA00088430E49C8750E488079022188430C49C2
:109DB00088710B482030807902218843084920317E
:109DC000887100BF7047000020040240201A044040
:109DD0004061004040600040401B04406008044077
:109DE0000003044070B5044600200126194D2E7072
:109DF000194DAD7C40263540002D04D00026154D70
:109E00002E70822025E0154D2D7C02263543134E01
:109E1000357400260F4D2E7000BF1D465E1EF3B236
:109E2000002DFAD10C4D6D7C02263540002D00D15D
:109E300083200B4D2A8000250A4E35800A4D29606B
:109E400000250A4E35700A4E357001252C43024D0F
:109E50002C7470BD40610040401B0440201A044037
:109E6000C8000020CA000020C4000020D300002049
:109E7000C000002070B5044600200126184D2E7049
:109E8000184DAD7C40263540002D04D00026144DE1
:109E90002E70822022E0144D2D7C02263543124E76
:109EA000357400260E4D2E7000BF1D465E1EF3B2A7
:109EB000002DFAD10B4D6D7C02263540002D00D1CE
:109EC00083200A4D2A800A4D29600025094E3570ED
:109ED000094E3570FE252C40024D2C7470BD0000DB
:109EE00040610040401B0440201A0440D000002084
:109EF000CC000020D2000020C000002010B5564841
:109F0000408802210840022807D1544800880028D0
:109F100003D0022004F0F8F99AE04F484088C007C7
:109F2000C00F002807D04D480088002803D0052026
:109F300004F0EAF98CE04A480078C007C00F002816
:109F400018D04648008800280FD04648006800789E
:109F50004549887243480068401C424908603F48B0
:109F60000088401E3D49088072E0FFF77BFE04F048
:109F7000D7F96DE03A48007804210840002832D132
:109F800035482030808802210843334920318880B9
:109F90003148408B8004800C2F4948830846408B11
:109FA0000121890308432C4948832B4820304088ED
:109FB000022108432849203148802948007804219B
:109FC00008432749087029480088012807D12248FA
:109FD00020304089264908401F4920314881FF2010
:109FE0002149887234E02348008820490988884242
:109FF0002EDA1D48807A2049096808701E480068DA
:10A00000401C1D4908601B480088401C19490880F5
:10A0100016480088401E098888420BD10E4820301F
:10A020004089134908400C4920314881FF200E49DE
:10A0300088720DE00F4800880C490988884204D1D5
:10A04000FFF710FE04F062F902E0FF200649887273
:10A0500000200A49087010BD40150440100200207D
:10A06000080200200C020020401704401A020020C1
:10A07000FDFF0000180200201402002020600040B4
:10A0800010B500200E4908710E480068401C0D49AB
:10A0900008600D480088C007C00F002808D00B4892
:10A0A000008B401C0121090440180949086004E0A4
:10A0B0000648008B401C0649086002F0C9FD10BD2F
:10A0C0004060004044020020A01D0440001F0440E6
:10A0D0003402002010B500200E4908720E480068B6
:10A0E000401C0D4908600D484088C007C00F00287B
:10A0F00008D00B48408B401C012109044018094935
:10A10000086004E00648408B401C0649086002F0E5
:10A11000A7FD10BD4060004048020020A01D044083
:10A12000001F04403802002000200E4908730E482A
:10A130000068401C0C4908600C488088C007C00FAC
:10A14000002808D00A488088401C012109044018D2
:10A150000849086004E006488088401C05490860FA
:10A1600070470000406000404C020020A01D0440E9
:10A17000601F04403C02002000200E4908740E4875
:10A180000068401C0C4908600C48C088C007C00F1C
:10A19000002808D00A48C088401C01210904401842
:10A1A0000849086004E00648C088401C054908606A
:10A1B000704700004060004050020020A01D044095
:10A1C000601F044040020020F8B505460E462C688A
:10A1D000AF8839462046FDF745FA10490870084611
:10A1E000007809280AD060787E2807D00C480670CD
:10A1F000084601782846FDF743F90DE0152F0BD1ED
:10A2000060787E2808D1F81E205C0D2804D104480F
:10A2100006702046FEF7E2FCF8BD00007D04002039
:10A2200074040020F0B5014601233F2901DD002020
:10A23000F0BD0846CD176D0F2D186D052A0ECD17F0
:10A240006D0F2D18ED10ED004E1B1D46B540EBB205
:10A250001848845C1C409C4215D1855C9D43855404
:10A2600000258E00144885518E00FF300130855145
:10A270004E001048C93085534E0080308553C030A1
:10A2800045540120D4E70B48855C9D438554002547
:10A290008E00094885518E00FF30013085514E00F7
:10A2A0000448C93085534E0080308553C030455432
:10A2B0000020BDE7E71100203014002010B57648DB
:10A2C000007800281AD075480078401CC0B2734945
:10A2D00008700A2811DB002008706F4801780078A8
:10A2E000401C6D4A1070032907DD002011460870DC
:10A2F0006B4A5178107800F06DF9CBE06948806CBA
:10A3000080210840802813D1654A5178107800F0E8
:10A310004DFA654A5178107800F05CF900206349E5
:10A320000870634908705D49087062490870B1E0BF
:10A330005C48806C002835D05B4A5178107800F07A
:10A3400049F95848806CFF2111310840002808D095
:10A35000534A5178107800F029FA00204F490870CC
:10A3600018E05048806C0007000F00280FD04B48C1
:10A370000078401CC0B2494908700A280ADB002056
:10A380000870474A5178107800F022FA02E0002065
:10A390004249087000204549087045490870454900
:10A3A000087077E03F48406C43490840002839D0A6
:10A3B00042480078002816D0394A5178107800F0C9
:10A3C000F5F9394A5178107800F004F938480078E6
:10A3D000401CC0B23649087014281BDB00200870EE
:10A3E0003649087016E02E4A5178107800F0F2F8DD
:10A3F0002D4A5178107800F0D9F92D480078401C8A
:10A40000C0B22B490870142804DB0020087001201A
:10A410002A490870002021490870244908702549FC
:10A42000087037E01F48C06B0121890508400028EB
:10A430001FD01C48C06B49000840002819D1184A99
:10A440005178107800F0C6F818480078401CC0B267
:10A45000164908700A2806DB00200870124A517855
:10A46000107800F0B5F900200C4908701049087008
:10A4700010E00D4A5178107800F098F9084A5178A8
:10A48000107800F0A7F80020044908700849087007
:10A490000649087010BD00002B0400202D04002088
:10A4A00078020020BC0400207C0200202C04002044
:10A4B0002E04002032040020E0CF010130040020EF
:10A4C0002848007801284CD126488078002848D1B7
:10A4D0002448407800280DD12248C078002809D1AE
:10A4E0002048C078401C1F49C870012048700020D7
:10A4F000486088601B484078012814D11948416899
:10A500004068401C174A50601046C0782D22520106
:10A510005043814203D9002012494860487000200E
:10A520001049886014E000200E49486008468168A0
:10A530008068401C0B4A90600B48814208D900207B
:10A54000114688600846C078401CC87001204870D9
:10A550000448C078052804DB002002494870012027
:10A56000887070473008002040FA01000021014A3D
:10A57000117070477704002003201149888011482A
:10A580000078042188430F49087001210E480173A7
:10A5900000BF00BF00BF00BF00BFBFF34F8F00BFB1
:10A5A00000BF00BF09480A49C86000BF00BF00BF24
:10A5B000BFF34F8F00BF00BF00BF00BF00BFFDE76C
:10A5C0002011044020040240206100400400FA05EC
:10A5D00000ED00E030B501238B40DAB2054B0324D7
:10A5E00024021B191B5C9343024C03252D026419A2
:10A5F000235430BD0000044010B5024601208840BD
:10A60000C3B20348032424020019805C184010BD23
:10A6100000000440F0B50C4615460123A340D9B212
:10A620002A462B0003F060FD06042C54787E9EBD64
:10A630005D4B1B5C8B435C4E33545B4B603B19267C
:10A6400076019B191B5C0B43574E603E19277F0117
:10A65000F6193354544B203B1B5C8B43524E203E27
:10A660003354514B103B1B5C8B434F4E103E3354C5
:10A670004D4B303B1B5C8B434B4E303E335490E094
:10A68000494B1B5C8B43484E3354474B603B192668
:10A6900076019B191B5C0B43434E603E19277F01DB
:10A6A000F6193354404B203B1B5C8B433E4E203EFF
:10A6B00033543D4B103B1B5C8B433B4E103E33549D
:10A6C000394B303B1B5C0B43374E303E335468E014
:10A6D000354B1B5C8B43344E3354334B603B192654
:10A6E00076019B191B5C0B432F4E603E19277F019F
:10A6F000F61933542C4B203B1E5C0E431E542A4B40
:10A70000103B1E5C8E431E54274B303B1B5C8B431F
:10A71000254E303E335444E0234B1B5C0B43224E0A
:10A7200033543EE0204B1E5C8E431E541E4B603B58
:10A73000192676019B191B5C8B431B4E603E192723
:10A740007F01F6193354184B203B1B5C8B43164E8C
:10A75000203E3354144B103B1B5C8B43124E103E77
:10A7600033541EE0104B1B5C8B430F4E33540E4B87
:10A77000603B192676019B191B5C8B430A4E603E99
:10A7800019277F01F6193354074B203B1B5C8B4381
:10A79000054E203E3354044B103B1E5C0E431E54AA
:10A7A00000BF00BFF0BD00006000044030B50123D1
:10A7B0008B40DAB2054B032424021B191B5C1343A4
:10A7C000024C03252D026419235430BD00000440BF
:10A7D00030B501238B40DAB2054B032424021B1948
:10A7E0001B5C5340024C03252D026419235430BDD9
:10A7F0000000044070B506460025002407E030192B
:10A800005521FFF7C8F9E10088404519641C042C64
:10A81000F5DB681C002800D170BD2846FCE700006D
:10A820005D49097800297DD15C49C96B0122520537
:10A8300011435A4AD1635A49097800292CD111464B
:10A84000C96B012292051140914225D055490988D2
:10A85000554A91421DDA534909887D2212019142DD
:10A8600017DD52490A780978491C504B19700B2A98
:10A8700012DD00211A4611704849C96B0122920568
:10A880001143464AD1630121454A1170484A11706B
:10A8900002E00021454A11704549097800291FD07E
:10A8A00044490978002903D143490978002917D080
:10A8B0003A49C96B0122D2051143384AD1633D4957
:10A8C0000978002902D000213A4A11703A490978E2
:10A8D000002902D00021384A11700021344A117039
:10A8E0002F49097800292ED02E4909882E4A643232
:10A8F000914228DD2949896A002924DD2F490A78F7
:10A900000978491C2D4B1970142A43DD00211A4681
:10A9100011702249C96B0122920591431F4AD163EC
:10A92000114600E013E0C96B0122D20591431B4A96
:10A93000D16300211E4A1170194A11701D4A11700D
:10A940001D4A117026E000211C4A117022E00021EE
:10A95000164A1170194A11701049C96B012252052B
:10A9600091430E4AD1631146C96B0122920591436E
:10A970000A4AD1631146C96B0122D2059143074AA5
:10A98000D16300210A4A1170054A1170094A1170F9
:10A99000094A11707047000047030020BC040020E2
:10A9A000430300203C0000204E0C0000EB0200207E
:10A9B000440300204503002046030020EC02002051
:10A9C00010B5FDF7D7FF0121042000F03DFD7D22E9
:10A9D000D2000021014800F0EBFD10BDFD42000057
:10A9E000F8B5012528480078009003202649087012
:10A9F000002443E02046E117490F091849050E0ECF
:10AA00000125E117490F0918C910C900621A294622
:10AA10009140CDB21D48805D2840A8422AD1A100B6
:10AA20001A48C01C4058002824D018485330005DF4
:10AA300001281FD103211548533001556038047394
:10AA4000A30002463832D058A300283AD15888478C
:10AA50000E48805D2840A84208D10C485330005D64
:10AA6000032803D10221094853300155FF2007492B
:10AA70000D3908736806050E601CC4B20A2CB9DBD8
:10AA8000014900980870F8BD101100209D160020A3
:10AA900070B50546002475480078002800D070BDC8
:10AAA000734801780078401C714A107009296DDBE9
:10AAB0000020114608706F480078002808D06E48C2
:10AAC000806A002804DC6C4800686C4988420DD913
:10AAD0006B480078002803D06748806A002805DDAD
:10AAE0006548806C10210840102811D16548018804
:10AAF0000088401C634A108078290CDD0020114634
:10AB000008805D48806C802108435B49886402E0CE
:10AB100000205C4908805848806C5B490840002848
:10AB200013D05A480088401C80B258490880E1215F
:10AB3000C90088420CDD5048806C802108434E4992
:10AB4000886400205149088002E000204F490880B5
:10AB50004F480078002816D0474800684749884287
:10AB600011D84C4801780078401C4A4A1070782966
:10AB70000CDD0020114608703F48806C802108439E
:10AB80003D49886402E0002042490870424800784C
:10AB9000002855D00020404908703748806CFF21BC
:10ABA0002031084000280BD03348006833498842E0
:10ABB00006D801203949087000203949087018E08A
:10ABC0002D4800682D4988420ED835480178007814
:10ABD000401C334A10700A290BDD01202F490870F0
:10ABE00000201146087004E000202C4908702C4910
:10ABF00008702C4A51781078FFF7FEFC00281FD00F
:10AC00002648007800281BD027480078002801D06B
:10AC1000FDF7B0FE254A51781078FFF7DBFC0121E3
:10AC2000084600F011FC6420FDF7C8FE01F022FC8C
:10AC30001C4A51781078FFF7CDFC1D48FDF7BEFE89
:10AC40001948007800280ED10B48806C00280AD1E2
:10AC500018480078002806D1124A51781078FFF77A
:10AC6000A5FD01F09FFC00BF19E7000023030020B1
:10AC70000B0400205B030020BC04002028230000FC
:10AC80005D030020060400201F011F0008040020AF
:10AC90006C0300200A040020700300200D04002033
:10ACA0000C0400206C0200207103002090020020A0
:10ACB000B80B000068030020FEB500200190009052
:10ACC000012596484078002802D194498870FEBD3D
:10ACD00093480778052092490870904880780028AA
:10ACE0007ED0002486E02046E117490F0918490567
:10ACF0000E0E0125E117490F0918C910C900621A83
:10AD000029469140CDB28548C01C805D2840A842AC
:10AD10006ED182483830005D00280AD161007F483A
:10AD20001A30415A620014388152002128300155EE
:10AD30005EE00020029056E061007848801D405A95
:10AD400000281ED1610075481A30415A620014383B
:10AD500081523230005D022803D101216F48383022
:10AD600001556E482E30005D401CC1B26B482E303C
:10AD70000155005DC82830DDC82168482E300155D6
:10AD80002BE061006548801D405A401E81B2620080
:10AD90006248801D81526100405A00281DD1610027
:10ADA0005E481A30415A6200143881523230005DD8
:10ADB000022803D1012159483830015557482E3017
:10ADC000005D401CC1B255482E300155005DC828B9
:10ADD00003DDC82151482E3001550298401C00E087
:10ADE0000EE0C0B202904D48817802988142A3DC07
:10ADF000601CC4B20A2C00DA75E70020474988704D
:10AE000046482E3047490978405C002873D04348B3
:10AE1000383044490978405C01286CD141480078B9
:10AE200081003E4844304058002864D03D480078B6
:10AE300081003A484430405801903A4800788100F7
:10AE400036486C3040580090032134483830354A39
:10AE5000127881543348007830490C3908730199CD
:10AE6000009888472D482E302E490978405C401EB6
:10AE7000C1B22A482E302B4A12788154FF213A3829
:10AE8000017328490878C117490F0918CE10012508
:10AE900024490878C117490F0918C910C900421A76
:10AEA00029469140CDB21D48C01C805D2840A84273
:10AEB00021D1FF2119480C38017319480770174830
:10AEC000383018490978405C032814D113482E30D3
:10AED00014490978405C002806D102210F48383017
:10AEE000104A1278815406E001210C4838300D4A8E
:10AEF00012788154EBE60B480078401C0949087031
:10AF0000084600780A2801DB00200870FF2103486A
:10AF10000C3801730248077000BFD8E6FC16002009
:10AF200010110020BB0200201CB5002000900190F1
:10AF30000024012000F002F81CBD00001649097829
:10AF400080221143144A1170002802D10021134AB3
:10AF50001177012808D10121104A11770E49C978CB
:10AF6000102211430C4AD170022802D182210B4ACF
:10AF70001177032802D1C221084A1177042802D18F
:10AF80000321064A1177052802D14321034A11778C
:10AF90000021034A517770472004024060040440B6
:10AFA000404F04407CB5044620886421F8F736FA07
:10AFB0000D460A212846F8F731FA06012088642157
:10AFC000F8F72CFA0D460A212846F8F727FA0E431F
:10AFD00068468671A0780A21F8F720FA0501A07862
:10AFE0000A21F8F71BFA0D436846457120790A21BA
:10AFF000F8F714FA050120790A21F8F70FFA0D4342
:10B000006846C570E0780A21F8F708FA0501E0788B
:10B010000A21F8F703FA0D436846057160790A21A1
:10B02000F8F7FCF9050160790A21F8F7F7F90D4303
:10B0300068468570A0790A21F8F7F0F90501A07932
:10B040000A21F8F7EBF90D4368464570E0790A21CB
:10B05000F8F7E4F90501E0790A21F8F7DFF90D4383
:10B060006846057000F002F87CBD00001449897F35
:10B0700001221143124A917700BF1149897F0222B0
:10B0800011400029F9D001780D4A91744178D174AA
:10B0900081781175C1789175017951754179D175B2
:10B0A000817911761146897F49084900917700BF5F
:10B0B0000349897F022211400029F9D1704700001D
:10B0C000404F04407047704770477047FEB50646D2
:10B0D0000C4601250020009001900027362168468B
:10B0E00001704670372181700121401CFEF70CFC75
:10B0F0000540032100A80330FEF7BEFB05400722F0
:10B10000032100A80230FAF773FA0746684640792F
:10B11000B84201D0002505E06846C0782070684636
:10B12000007960702846FEBDF8B504460D4601263C
:10B13000002736216846017044708570072203217C
:10B14000FAF756FA6946C870032100A80130FEF7E5
:10B15000DBFBF8BD10B501210E4801730E48808855
:10B16000082108430C498880084640890B4908405B
:10B170000949488100200A4908730B2002F0CEFFDC
:10B1800000BF08488079042108430649887100BF40
:10B1900010BD00002061004020110440F7FF0000B6
:10B1A00020600040000304400EB500200090019094
:10B1B00010211C48FAF744FA029010221A49194843
:10B1C000FDF73FFE02221849891E02A8FDF739FE4D
:10B1D00040211648FAF734FA0290402212492031F1
:10B1E0001248FDF72EFE02220F491E3102A8FDF77C
:10B1F00028FE0F4800780F4908730F4800784873FD
:10B2000010210C48FAF71CFA0290102206498031EE
:10B210000848FDF716FE022203497E3102A8FDF719
:10B2200010FE0EBD7407002002045000F00700203D
:10B23000DE02002030080020D402002070B5012575
:10B240002B484078012802D0FFF7CAFB70BD0024CC
:10B2500049E02046E117490F091849050E0E01255E
:10B26000E117490F0918C910C900621A294691400F
:10B27000CDB21F48801C805D2840A8422DD1A1007E
:10B280001B4808304058002827D019485830005D26
:10B29000012822D10420174908700321144858308E
:10B2A000015558380470A20001460831885880477B
:10B2B0000F48801C805D2840A84208D10C485830B7
:10B2C000005D032803D10121094858300155FF20B2
:10B2D00007490870002007490870FFF781FB6806DE
:10B2E000050E601CC4B2142CB3DB00BFAEE7000037
:10B2F0003016002010110020FEB500BF00BF002056
:10B300000290019000903648807830281BDB34484A
:10B310008078392817DC3248C078302813DB304871
:10B32000C07839280FDC2E48007931280BDB2C48F7
:10B330000079332807DC2A484079302803DB284885
:10B340004079392802DD0020009001E001200090C2
:10B3500002212348801CF9F771F805462048001D9A
:10B36000F9F75FF80A2106464E431D48401DF9F7DC
:10B3700058F83418122C02D32046123801900421B8
:10B380001748001DF9F75AF80290019800062904A1
:10B3900008430299084313490860009800281DD00B
:10B3A000132C18D30E48801CF9F73BF80A210746E6
:10B3B0004F430B48C01CF9F734F83E18F017800FC4
:10B3C00080198110204613380C2250430818401C65
:10B3D0000549086002E0002003490860FEBD000046
:10B3E000400800200C0000201803002038B5044657
:10B3F0008C2221460948F7F7A6FF8C210748FAF767
:10B400001FF900908C2206490448FDF71AFD02221C
:10B410000349891E6846FDF714FD38BDE806002083
:10B4200002025000F8B504460025002604222146F9
:10B430006846F7F788FF042221460248F7F783FFA2
:10B44000F8BD000008050020202800DD7047002915
:10B4500007D001228240074B1B681A43054B1A6034
:10B4600006E001228240034B1B689343014A1360AC
:10B4700000BFEBE79004002038B5044608222146BF
:10B480001848F7F760FF08211648FAF7D9F8009036
:10B49000082215491348FDF7D4FC02221249891EDF
:10B4A0006846FDF7CEFC1149496D0E4A526851437A
:10B4B00008466421F7F7A8FF0D4908600D4909887F
:10B4C0000B4A1268514308466421F7F79DFF0A4969
:10B4D000086008460068E1210901484307490860FF
:10B4E00038BD00001400002032035000BC040020CE
:10B4F000F802002074070020FC020020F002002067
:10B50000FFB581B006460F46012000902548FEF7A2
:10B51000F3F80446402C43DA2046E117490F091896
:10B5200049050D0EE117490F0918C910C900621A23
:10B5300000999140C9B200911A48C01C415D009821
:10B5400001431848C01C4155A10017484650A100AE
:10B55000FF300130475019210398F7F755FF81B2AA
:10B56000620010484C30815219210498F7F74CFFC3
:10B5700081B262000B48CC30815219210498F7F750
:10B5800043FF81B2620009488152074940390A9855
:10B59000085504480B300B990155204605B0F0BD05
:10B5A000FF20FBE7E41100203014002030130020BE
:10B5B000F7B5064601271848FEF7C6F80446102CD2
:10B5C00028DA2046E117490F091849050D0EE11741
:10B5D000490F0918C910C900621A39469140CFB203
:10B5E0000D48801C415D39434155A1004230465011
:10B5F000A20040300199815019210298F7F704FF09
:10B6000081B2620004481430815202211038015581
:10B610002046FEBDFF20FCE7201100201CB504469B
:10B62000042221466846F7F78EFE68460088012806
:10B6300019D168464088012815D1042221461448B2
:10B64000F7F781FE04211248F9F7FAFF019004226E
:10B6500010490F48FDF7F5FB02223521090101A829
:10B66000FDF7EFFB13E00A48217801706178417023
:10B670000421F9F7E5FF0190042206490448FDF78B
:10B68000E0FB02223521090101A8FDF7DAFB1CBD10
:10B690002C00002052030000F0B597B005460026AC
:10B6A00000200290019000904C22294603A8F7F751
:10B6B0004AFE12A8C089F749884207D1F648C06BF4
:10B6C000012189030843F449C86306E0F248C06BCE
:10B6D000012189038843F049C863EF48C06B012109
:10B6E0008903084000287DD000241FE0610004A8E1
:10B6F000415A6200E948805A814215D0610004A88D
:10B70000405AE449491E88420ED06300E24A08329A
:10B71000D25A670004ABDB5B5A4310466300DF4A32
:10B72000D15AF7F77BFE86B2601CC4B2102CDDDB69
:10B73000002420E0610012A8415A6200D748383046
:10B74000805A814215D0610012A8405AD149491E41
:10B7500088420ED06100D0482C30415A620012A8B5
:10B76000805A09186200CD483830805A081A00B251
:10B770000290601CC4B2052CDCDB6846C089C74956
:10B78000091F4988884211D06846C089C149491EAD
:10B7900088420BD0C04A52686B46DB895A43104638
:10B7A000BE4A121F5188F7F72FFE01906846808924
:10B7B000BA49091F0988884211D068468089B5496D
:10B7C000491E88420BD0B44A12686B469B895A4383
:10B7D0001046B24A121F1188F7F716FE009068460D
:10B7E000008E00E030E0AB49491E88421BD168461C
:10B7F000808E884217D16846408E002813D1684653
:10B80000C08E00280FD16846008F88420BD1684651
:10B81000808F884207D16846408F002803D1684650
:10B82000C08F002803D001209D49087006E09C4885
:10B830000078002802D00020994908704C2203A902
:10B840009648001FF7F77FFD9348C06B01218903DD
:10B85000084000287ED169463220085E7D21C9005B
:10B86000884205DC69463220085E8E4988420EDA3D
:10B8700069463220085E7D21C900884203DD8A487E
:10B880006946488603E087483230694648866946FB
:10B890003A20085E7D21C900884205DC69463A20CD
:10B8A000085E804988420EDA69463A20085E7D21AA
:10B8B000C900884203DD7C486946488703E079482F
:10B8C00032306946488710A90220085E7D21C900F0
:10B8D000884205DC10A90220085E724988420EDA0F
:10B8E00010A90220085E7D21C900884203DD6E4850
:10B8F00010A9488003E06B48323010A9488069469F
:10B900003620085E7D21C900884205DC6946362064
:10B91000085E644988420EDA69463620085E7D2159
:10B92000C900884203DD60486946C88603E05D4877
:10B9300032306946C88669463E20085E7D21C900CE
:10B94000884205DC69463E20085E5649884210DA86
:10B95000694600E0BAE03E20085E7D21C9008842C9
:10B9600003DD51486946C88703E04E4832306946D6
:10B97000C88710A90620085E7D21C900884205DC21
:10B9800010A90620085E474988420EDA10A9062051
:10B99000085E7D21C900884203DD434810A9C880A4
:10B9A00003E04048323010A9C8804C2203A93B482C
:10B9B000001FF7F7C8FC4C213848001FF9F740FE7C
:10B9C00016904C2239493548001FFDF73AFA0222F9
:10B9D0003649891E16A8FDF734FA3048001F008842
:10B9E0002C49491E88420FD02C48001F40888842AD
:10B9F0000AD001202E4908702748C06B0121C903D5
:10BA000008432549C86309E00020294908702248F5
:10BA1000C06B0121C90388431F49C8631F48001F29
:10BA2000808C1C49491E884204D11C48001FC08CD0
:10BA3000002823D01948001F808D1649491E8842CE
:10BA400004D11648001FC08D002817D01348001FCE
:10BA5000008D1049491E884204D11048001F408DB6
:10BA600000280BD00D48001F008E0A49491E88424D
:10BA700022D10A48001F408E00281DD100200D4908
:10BA800008700548C06B0121090488430249C86356
:10BA90001CE0000011270000BC040020A0060020CC
:10BAA0007C04002018FCFFFFB6030000C202500017
:10BAB000780300207903002001200549087005481B
:10BAC000C06B0121090408430249C86317B0F0BDE7
:10BAD00079030020BC04002038B50446102221461A
:10BAE0001D48F7F730FC10221C491B48FDF7A9F947
:10BAF00010211948F9F7A4FD009002221749891E68
:10BB00006846FDF79EF9144801881548418212489D
:10BB10004068134940394865496D124A526851439B
:10BB200008466421F7F770FC0F4908600A49098844
:10BB30000D4A1268514308466421F7F765FC0B492A
:10BB4000086008460068E121090148430249896804
:10BB500040180749086038BD7407002002045000EF
:10BB6000FC04002014000020F8020020FC02002049
:10BB7000F002002038B50446082221460948F7F7AC
:10BB8000E2FB08210748F9F75BFD0090082206490F
:10BB90000448FDF756F902220349891E6846FDF75D
:10BBA00050F938BD300000204203500038B504463B
:10BBB000082221460948F7F7C6FB08210748F9F78C
:10BBC0003FFD0090082206490448FDF73AF9022299
:10BBD0000349891E6846FDF734F938BD1C00002072
:10BBE00022035000F8B50446002500260422214611
:10BBF0006846F7F7A8FB08490098884203D101205E
:10BC00000649087007E00449C9430098884202D1F8
:10BC1000002002490870F8BD5555555547030020CE
:10BC2000F7B50C46012300212DE00846CD176D0F16
:10BC30002D186D052A0E0123CD176D0F2D18ED104F
:10BC4000ED004E1B1D46B540EBB21148805C18401C
:10BC5000002816D10E485330405C032811D00C4800
:10BC6000805C18430A4DA8548E00ED1C0098A85122
:10BC70008D0007482B3044512830029D455408461A
:10BC8000FEBD481CC1B20A29CFDBFF20F8E7000047
:10BC90009D160020F0B503460C4601210A2B25DA3B
:10BCA0001846DE17760F36187605350E00BFDE17FC
:10BCB000760F3618F610F6009E1B0F46B740F9B205
:10BCC0000B48405D084088420ED19E000848C01CC9
:10BCD0008059002808D006485330C2549800044EBA
:10BCE0002B3634501846F0BDFF20FCE7FF20FAE762
:10BCF0009D160020F0B504460D460123002123E0E7
:10BD00000846CE17760F36187605320E0123CE1769
:10BD1000760F3618F610F6008E1B1F46B740FBB2A2
:10BD20000B48805C184000280CD10948805C1843FF
:10BD3000074EB0548800B61D34503046503045543C
:10BD40000846F0BD481CC1B21429D9DBFF20F8E732
:10BD50003216002038B50446142221460A48F7F767
:10BD6000F2FA14210848F9F76BFC009014220749F5
:10BD70000548FDF766F802220449891E6846FDF76A
:10BD800060F8FFF7B9FA38BD4008002062035000A0
:10BD9000054909880905090C034A118011460988DB
:10BDA0000143118070470000960000201CB5044636
:10BDB000082221466846F7F7C6FA6846FFF7F2F808
:10BDC0001CBD000010B500F0D7FB0749087000F05B
:10BDD000DBFB0649087000F0BFFB0549087000F066
:10BDE000C3FB0449087010BD6A0300206C030020E7
:10BDF000D0020020D102002010B504460848007887
:10BE0000002800D010BD00F021FCF8F705FFF8F77E
:10BE1000ADFEF8F71DFDFFF7D5FF00BFF2E700000C
:10BE200023030020F8B504460020009000250027D9
:10BE300001268348C07C3040002800D0F8BD002C8B
:10BE400032D100207F4908807F4908707C48807C7F
:10BE50008006C00F002820D100210720FFF764F9D9
:10BE6000064000210820FFF75FF9064077490420CB
:10BE7000FFF72CF97548001F007904221043014692
:10BE80001046FFF751F9012E0DD16D48807C20211D
:10BE9000884320306A49887405E06948807CE02145
:10BEA000084067498874C9E767480078401C6649BC
:10BEB000087008460078092814DA64490420FFF75E
:10BEC00005F96248001F007904229043014610469C
:10BED000FFF72AF95A48807C04218843001D5849FD
:10BEE00088741EE058480078092807D15448807C9F
:10BEF0001021884310305249887412E0524800786B
:10BF00000A280ED10020504908704D48807C10212D
:10BF100088434B4988740846807C042188434849FB
:10BF200088744748807C20218843454988740846A6
:10BF3000807CC006C00F002805D10846807C4007E1
:10BF4000C00F002804D100210820FFF7EDF875E7A5
:10BF50003F482040002807D03948807C40084000F6
:10BF6000401C3749887405E03548807C4008400013
:10BF70003349887437482040002807D03048807CF7
:10BF800002218843801C2E49887405E02C48807C5F
:10BF9000022188432A4988742948807C8007800FC1
:10BFA000032821D127480088401C264908800846DC
:10BFB0000088962807DA2248807C082188430830C8
:10BFC0001F49887427E01F480088FF212D318842CF
:10BFD00006DA1B48807C08218843194988741AE0D6
:10BFE00000201849088016E00020164908801448EF
:10BFF000807CC007C00F002807D01148807C082132
:10C00000884308300E49887405E00D48807C08217B
:10C0100088430B4988746006070EFD06ED0E08483C
:10C02000807C0007C00F002802D00A20054001E0F4
:10C030001420054029460820FFF776F800BFFDE6EA
:10C04000E0100020B0020020B2020020D410002036
:10C0500055550000AAAA000010B501241E49002071
:10C06000FFF734F80440002C10D100201B49087061
:10C070001B480078401CC0B219490870082824DD0C
:10C08000082008700120174908741EE00020144998
:10C09000087012480078401CC0B210490870082887
:10C0A00004DD0820087000200E4908740A48407812
:10C0B0004007C00F002808D0074840780421884373
:10C0C0000549487000F06EFB00240648007C0128FA
:10C0D00000D10024204610BDD0100020AA0200206C
:10C0E000A9020020E010002070B50125C948807C1D
:10C0F0004007C00F002800D070BDC7480078002856
:10C1000004D1C64908800120C3490870C24800789C
:10C11000030001F0E9FF07F60521889CB8F5F60059
:10C12000BC48C07C40084000401CBA49C8740A2181
:10C130000820FEF7F9FF05400120B9490870012DDC
:10C1400006D10220B44908700020B649088002E0F8
:10C150000720B149087041E1AE48C07C400840006A
:10C16000AC49C874AF480088401CAE4908800846F6
:10C170000088072818DA002413E02046E10F091888
:10C1800049104900611A0AD16000A249085AB4282E
:10C1900005DAA548005D401CA349085503E0601C72
:10C1A000C4B2042CE9DB3DE000209E490880002455
:10C1B00019E09D48005D04280ADB9648C07C4021B8
:10C1C000884340309349C8740620934908700CE0B6
:10C1D0009548005D002804D194480078401C93499C
:10C1E0000870601CC4B2042CE3DB00BF8F480078E9
:10C1F000042810D10320884908708648C07C40215B
:10C2000088438449C874002086490880864908709C
:10C2100048708870C87000210820FEF785FF002054
:10C2200082490870DAE07B48C07C400840007949C8
:10C23000C8747C480088401C80B27A490880032872
:10C2400004DB00200880042073490870C6E07148B0
:10C25000C07C40084000401C6E49C874142108206E
:10C26000FEF762FF054001206D490870012D06D1DF
:10C2700005206949087000206A49088002E007200B
:10C2800065490870AAE06348C07C400840006149E5
:10C29000C87464480088401C6249088008460088C9
:10C2A000072819DA002414E02046E10F0918491084
:10C2B0004900611A00290ADD60005649085AB4286D
:10C2C00005DA5948005D401C5749085503E0601CD9
:10C2D000C4B2052CE8DB3FE000205249088000246E
:10C2E0001BE05148005D04280CDB4A48C07C8021DB
:10C2F000884380304749C8740620474908700EE0DB
:10C300002BE050E04848005D002804D14748007801
:10C31000401C46490870601CC4B2042CE1DB00BF1D
:10C3200042480078042810D106203B49087039485B
:10C33000C07C802188433749C8740020394908806F
:10C340003949087048708870C87000210820FEF7CD
:10C35000EBFE00203549087040E02E48C07C4008C4
:10C3600040002C49C8740846C07C4006C00F002815
:10C370000BD10846C07CC009002806D107202649F9
:10C3800008700020274908800CE026480088401CDF
:10C3900080B224490880032804DB0020088007209D
:10C3A0001D4908701AE000201B4908701E490870DA
:10C3B00048708870C8701748C07C40084000154914
:10C3C000C874002016490870184908701148C07CCC
:10C3D0003C218843001D0F49C87400BF00BF0D48B1
:10C3E000C07C4006C00F00280BD10A48C07CC009A1
:10C3F000002806D10748C07C022188430549C8743B
:10C4000006E00448C07C02218843801C0149C874AE
:10C4100000BF71E6E0100020AB020020AE02002059
:10C420009A020020AC0200209B0200209F02002004
:10C4300010B50F490420FEF749FE0D48001F007992
:10C44000802108430A49091F087108460179042020
:10C45000FEF76AFE0648001F0079802188430449E0
:10C46000091F0871084601790420FEF75DFE10BD22
:10C47000D4100020F8B501250026002000900027E8
:10C4800000241AE00125332631460D20FEF74CFE2C
:10C4900005402020009004200099FEF745FE05404D
:10C4A000002D00D00BE07D27FF0000BF3846791E2D
:10C4B0008FB20028FAD1601CC4B2032CE2DB00BFAB
:10C4C000032C01D10020F8BD0120FCE770B5044623
:10C4D000002500261C4840798607B60FA64201D0E9
:10C4E000012500E070BDE007C00F002807D0164806
:10C4F000407940084000401C1349487105E012484B
:10C50000407940084000104948710220204000282E
:10C5100007D00D48407902218843801C0A494871A0
:10C5200005E0094840790221884307494871012DF7
:10C5300007D1054841790520FEF7F6FD002800D017
:10C54000002500BFCEE70000D01000200148C068E1
:10C5500070470000E010002002488078C006C00F3D
:10C5600070470000D0100020024880788006C00F7D
:10C5700070470000D0100020024800784007C00F2C
:10C5800070470000D0100020024800780007C00F5C
:10C5900070470000D010002010B5FDF7A3FB00F09D
:10C5A00001F910BD10B500F0A3F910BDFEB50020D3
:10C5B000019000240126760300250090002701A9A0
:10C5C0002A20FEF783FD002800D1FEBD6846808842
:10C5D00001026846808800120818C404E40C012097
:10C5E00000032040002805D0072040030443012712
:10C5F000604284B21248407A8009012801D1860342
:10C600000DE00F48407A8009022801D1860306E038
:10C610000B48407A8009032801D1012636043146AF
:10C620000848F6F7F1FE60430546002F02D10648A0
:10C63000C56002E068420449C86000BFC5E7000069
:10C64000D010002080969800E010002010B5FFF771
:10C6500003FD002800D110BD0F490220FEF736FD72
:10C660000D49891C0420FEF731FD0B49091D0620E8
:10C67000FEF72CFD0849491E0120FEF727FD06495B
:10C68000891D0820FEF722FD00F04EF800F006F8A4
:10C69000FFF78CFF00BFDEE7D2100020F8B50025C1
:10C6A000002000900026002432E060002230C7B253
:10C6B00069463846FEF70AFD002827D068460088FC
:10C6C0000102684600880012081805052D0D01209A
:10C6D0000003854208DA0246511B0F4A6A4310469E
:10C6E000F6F79CFE064602E00B48684306463046D5
:10C6F000F8F7C6FF41B209480155002C02D108489D
:10C70000066003E0012C01D106480660601CC4B23B
:10C71000022CCADBF8BD000010270000EA10002040
:10C72000A0020020A4020020F8B500260025002069
:10C730000090FCF771FF012803D01748007800280B
:10C7400028D0002424E060001030C6B2694630468C
:10C75000FEF7BCFC002819D0684600880102684634
:10C7600000880012081805052D0DFF207830684359
:10C77000000A6100094A505207480078002805D194
:10C7800060001146085A6100054A5052601CC4B24C
:10C79000042CD8DBF8BD00009A020020E010002035
:10C7A000F4100020F0B589B0032400200890012087
:10C7B0000790002005900690002500260027049091
:10C7C000039002900190009000BF002D0BD100203B
:10C7D000089003200899FEF7A7FC012802D1032442
:10C7E000012500E073E0002E0DD14F2008900420B9
:10C7F0000899FEF799FC012804D1032401260020A2
:10C80000089000E063E0002F0BD100200890052085
:10C810000899FEF789FC012802D10324012700E0D2
:10C8200055E0049800280DD1F820089006200899BA
:10C83000FEF77AFC012804D103240490002008901C
:10C8400000E044E0039800280DD14820089009201A
:10C850000899FEF769FC012804D103240390002005
:10C86000089000E033E0029800280DD16020089085
:10C870000A200899FEF758FC012804D103240290ED
:10C880000020089000E022E0019800280DD102204D
:10C8900008900B200899FEF747FC012804D10324D7
:10C8A00001900020089000E011E0009800280DD1D0
:10C8B000902008900C200899FEF736FC012804D13E
:10C8C000032400900020089009E000E000BF20460B
:10C8D000611ECCB2002802D0012C00DB75E700BF3E
:10C8E000032C01DA00200790079809B0F0BD000082
:10C8F000F0B589B0032400200890012007900020A3
:10C9000005900690002500260027049003900290D1
:10C910000190009000BF002D0BD100200890032053
:10C920000899FEF701FC012802D10324012500E04B
:10C9300078E0002E0DD14F20089004200899FEF7D2
:10C94000F3FB012804D1032401260020089000E015
:10C9500068E0002F10D13B4840798007800F089095
:10C9600005200899FEF7E0FB012804D103240127E4
:10C970000020089000E055E0049800280DD1F82030
:10C98000089006200899FEF7CFFB012804D1032464
:10C9900004900020089000E044E0039800280DD1A6
:10C9A0004820089009200899FEF7BEFB012804D111
:10C9B000032403900020089000E033E00298002850
:10C9C0000DD1602008900A200899FEF7ADFB0128E0
:10C9D00004D1032402900020089000E022E0019896
:10C9E00000280DD1022008900B200899FEF79CFB2F
:10C9F000012804D1032401900020089000E011E0F8
:10CA0000009800280DD1902008900C200899FEF77E
:10CA10008BFB012804D1032400900020089009E03A
:10CA200000E000BF2046611ECCB2002802D0012CDD
:10CA300000DB70E700BF032C01DA002007900798A5
:10CA400009B0F0BDD010002010B50249024800F036
:10CA500033F910BD01960000A86100007047000086
:10CA600010B5F8F709FD1449086080201349487192
:10CA70000020C04312490860124908601248134957
:10CA80000860104903221202891848600D4989186C
:10CA900088600C498918C8600A49891808610949E1
:10CAA0008918486107498918886106498918C86149
:10CAB000AC200749487010BDB80400202004024093
:10CAC00080E200E000E100E0C0C0C0C000E400E09F
:10CAD0000010024010B50249022000F02FF810BDEE
:10CAE0007C9200000249498A0143014A5182704701
:10CAF000A01D04400249898A0143014A918270477E
:10CB0000A01D044001460020012906D0022907D0BB
:10CB1000042908D008290CD108E0074A108809E048
:10CB2000054A508806E0044A908803E0024AD0880B
:10CB300000E000BF00BF7047801D044070B505468F
:10CB40000C463E480078012108433C4908703020DB
:10CB50003B49C8822846FFF7CDFF012D06D0022DA4
:10CB60001CD0042D32D0082D62D148E00020354978
:10CB70000871112001F0DEFA0120C003304920398C
:10CB80000882601E304908832D48408B40084000D1
:10CB90002B49488300212D4801714AE00020294992
:10CBA0000872122001F0C6FA0120C003244920397E
:10CBB0004882601E244948832148408B02218843D3
:10CBC0001F49488300212148017232E000201D499D
:10CBD0000873132001F0AEFA0120C0031849203970
:10CBE0008882601E1849603188801548408B042176
:10CBF00088431349488300211448017319E0002039
:10CC000010490874142001F095FA0120C0030C4962
:10CC10002039C882601E0C496031C8800848408BAA
:10CC2000082188430649488300210848017400E030
:10CC300000BF00BF2846FFF755FF70BD200402402B
:10CC4000A01D044040600040001F044040610040BF
:10CC500010B50249012000F00FF810BDDC050000FE
:10CC600010B50449022000F007F8FDF727FBF9F79B
:10CC700007FB10BD7C920000012806D0022808D0D6
:10CC800004280AD0082812D10CE04A1E094B1A8346
:10CC90000EE04A1E074B5A830AE04A1E054B6033DA
:10CCA0009A8005E04A1E034B6033DA8000E000BF43
:10CCB00000BF7047001F044070B505460E460020B7
:10CCC0006C49087188606C48856029466B48F6F7A6
:10CCD0009BFB6949C8606748C66000200870002156
:10CCE0006548D430817001214170FF2114380175ED
:10CCF000002405E000216048D7300155601CC4B213
:10CD0000082CF7DB002414E0002162005C4881520B
:10CD100062008030815280300155A2008030815005
:10CD2000A200FF3001308150FF3841380155601CAE
:10CD3000C4B2402CE8DB00204E49943988700120B1
:10CD40004870FF200C39087300214A4814384161AB
:10CD5000002405E00021474891380155601CC4B209
:10CD6000022CF7DB002413E00021620041488E38DA
:10CD7000815262001430815214300155A2001630E5
:10CD80008150A2002830815034380155601CC4B253
:10CD90000A2CE9DB002138484174FF203649087429
:10CDA000002405E00021344812300155601CC4B253
:10CDB000022CF7DB002410E0002162002E48243012
:10CDC000815220300155A20010308150A200403025
:10CDD000815080380155601CC4B2102CECDB01205E
:10CDE00028494870FF200870002405E000212548EC
:10CDF000801C0155601CC4B2032CF7DB002408E042
:10CE00000021A2001F480830815050300155601C9D
:10CE1000C4B2142CF4DBFF211A48603001730024E3
:10CE200005E0002117486D300155601CC4B2022C8A
:10CE3000F7DB002408E00021A20012487030815086
:10CE400050300155601CC4B20A2CF4DB01210E489D
:10CE5000FEF750FF01210D48FEF74CFF01210C4861
:10CE6000FEF748FF01210B48FEF744FF0A4802493C
:10CE7000486070BD901700201011002040420F0044
:10CE8000B012002030160020658A0000AD8000003E
:10CE9000B9AC00009DCE00007C92000010B5364970
:10CEA000C868804735490968884204D93448006811
:10CEB000401C334908603049C86880472F490860E2
:10CEC0000846006800F096FB2E4989682C4A1268D3
:10CED00051434018284988602A4A9168264A906838
:10CEE000F6F792FA28490860084600682749096859
:10CEF00088421ED02448006824490968884218D90D
:10CF00002148007821490978401AC1B21D4841746E
:10CF10001D4800781D490978401AC1B21948D4301B
:10CF20008170184A9168144A9068F6F76DFA1749AB
:10CF30000860114814384069C07915490978884259
:10CF400009D001200C499439887008468030406926
:10CF5000C0790F490870084880680E49884209D98D
:10CF600000210548816000200449086004490860E8
:10CF70000649086010BD000090170020BC02002088
:10CF8000C002002010110020C8020020C4020020AE
:10CF9000CC02002000E1F50500B5F8490978002928
:10CFA00000D000BDF649096CFF2201321140002972
:10CFB00025D1F3494031098A01291CD1F1490022C8
:10CFC0008A5EF1492823CB5E9A4214DBEF49097847
:10CFD000491CC9B2ED4A1170022927DD00211170E8
:10CFE0000121EB4A1170E649096CFF22013211431D
:10CFF000E34A11641AE00021E44A117016E0E049A6
:10D000004031098A012907D1DE4900228A5EDE49C2
:10D010002A23CB5E9A4209DC0021DD4A1170D849EF
:10D02000096CFF2201329143D54A1164D449496CFD
:10D03000FF2201321140002925D1D1494031098A0E
:10D0400001291CD1CF4900228A5ECF492C23CB5E17
:10D050009A4214DBCF490978491CC9B2CD4A1170F4
:10D06000032927DD002111700121CB4A1170C44929
:10D07000496CFF2201321143C14A51641AE0002178
:10D08000C44A117016E0BE494031098A022907D00E
:10D09000BC4900228A5EBC492E23CB5E9A4209DC41
:10D0A0000021BD4A1170B649496CFF2201329143FB
:10D0B000B34A5164B249096C01229202114000291D
:10D0C00026D1AF494031098A01291DD1B349002237
:10D0D0008A5EAD493823CB5E9A4215DCB0490978A7
:10D0E000491CC9B2AE4A1170022928DD0121AD4A9E
:10D0F00011700021AA4A1170A149096C0122920203
:10D1000011439F4A11641AE00021A54A117016E0EC
:10D110009B494031098A012907D1A04900228A5E32
:10D1200099493A23CB5E9A4209DB00219D4A11704E
:10D130009349096C012292029143914A11649049EA
:10D14000496C012292021140002929D1964909789F
:10D15000002925D18A494031098A01291CD18F49EA
:10D1600000228A5E88493C23CB5E9A4214DC8F49B8
:10D170000978491CC9B28D4A1170072947DD002181
:10D18000117001218A4A11707D49496C0122920275
:10D1900011437B4A51643AE00021844A117036E021
:10D1A0007E4900228A5E78493E23CB5E9A4204DAA9
:10D1B00073494031098A02291BD100217C4A117030
:10D1C0006F49496C0122920291436D4A51641146A4
:10D1D000C96B012252029143694AD1636F4900220F
:10D1E0008A5E69493E23CB5E9A4202DB00216E4A89
:10D1F00011706D490978002909D000216C4A11701D
:10D200005F49496C0122920291435D4A51645C4935
:10D21000496C012212061140002924D1584940319D
:10D22000098A01291BD15D4A0021515E0E22D24399
:10D23000914214DC5F490978491CC9B25D4A1170FA
:10D24000072927DD0021117001215B4A11704C492B
:10D25000496C012212061143494A51641AE0002127
:10D26000544A117016E04D4900228A5E46493E2319
:10D27000CB5E9A4204DA42494031098A022909D137
:10D2800000214D4A11703E49496C0122120691431A
:10D290003B4A51643A49096C01225202114000296B
:10D2A00026D137494031098A02291DD1354900224A
:10D2B0008A5E35493023CB5E9A4215DB3F490978B7
:10D2C000491CC9B23D4A1170022928DD01213C4A9E
:10D2D00011700021394A11702949096C012252024A
:10D2E0001143274A11641AE00021344A117016E0F4
:10D2F00023494031098A022907D1224900228A5E46
:10D3000021493223CB5E9A4209DC00212C4A11705C
:10D310001B49096C012252029143194A11641849B0
:10D32000496C01225202114000294FD11449403169
:10D33000098A02291DD1134900228A5E1249342329
:10D34000CB5E9A4215DB1F490978491CC9B21D4AB8
:10D35000117003294CDD01211B4A11700021194A6B
:10D3600011700749496C012252021143044A516469
:10D370003EE00021134A11703AE000002303002030
:10D38000BC0400204000002028070020A803002043
:10D3900048030020A9030020490300204400002086
:10D3A000AC0300204C0300203D030020AD0300200F
:10D3B0004D030020AE0300204E030020AA030020EE
:10D3C0004A030020AB0300204B0300207C490022CD
:10D3D0008A5E7C493623CB5E9A4209DC00217A4A78
:10D3E00011707A49496C012252029143774A516483
:10D3F0007649096C0122D2021140002927D17349D4
:10D400004031098A02291ED1714900228A5E6D4984
:10D4100040310023CB5E9A4215DC6E490978491CE5
:10D42000C9B26C4A1170022929DD01216A4A1170C2
:10D430000021684A11706549096C0122D20211432A
:10D44000624A11641BE00021624A117017E05F49D3
:10D450004031098A022908D15D4900228A5E594972
:10D4600040310223CB5E9A4209DB00215A4A1170F7
:10D470005649096C0122D2029143544A116453491E
:10D48000496C0122D2021140002927D14F49403175
:10D49000098A02291ED14E4900228A5E494940313B
:10D4A0000423CB5E9A4215DC4C490978491CC9B269
:10D4B0004A4A1170032924DD0121494A11700021D3
:10D4C000464A11704149496C0122D20211433F4A38
:10D4D000516416E00021414A117012E03C490022DB
:10D4E0008A5E384940310623CB5E9A4209DB00212F
:10D4F0003B4A11703549496C0122D2029143334AAB
:10D50000516432492E228A5E364909888A4212DBEA
:10D5100035490A780978491C334B1970062A1BDDF6
:10D5200000211A4611702949096C01225204114345
:10D53000264A116410E000212B4A117023492E2243
:10D540008A5E284949888A4206DC2049096C012202
:10D55000520491431D4A11641C492E228A5E2149BE
:10D5600089888A4215DB21490A780978491C1F4BB2
:10D570001970062A21DD00211A46117001211C4A6A
:10D5800011701249496C0122D20511430F4A5164AE
:10D5900013E00021154A11700C492E228A5E1149B0
:10D5A000C9888A4209DC0021114A11700749496C77
:10D5B0000122D2059143054A516400BFF1E4000005
:10D5C00040000020280700204B030020BC0400205E
:10D5D00044000020AF0300204F030020B0030020D0
:10D5E0005003002030000020E4020020E50200206B
:10D5F0007F03002070B505460A48406800280FD018
:10D60000084948681921F5F7FFFE0446002C00D1AF
:10D6100070BD21462846F5F7F7FE04462046F7E799
:10D620000020F5E71011002010B5044609480078E5
:10D63000002805D007480078401E0649087010BD34
:10D640000548C07C8006000F002801D1FEF74CFD84
:10D6500000BFF4E750040020E010002010B504469D
:10D66000002001F07BFCFCF72BFF1F48006800281E
:10D6700004D01D480068401E1B4908601B48007804
:10D68000002814D01A4801880088401C184A1080CD
:10D690002D208001814204DC16480021415E0F29C3
:10D6A00008DA0020124908801049087002E00020C2
:10D6B0000F490880104800780A2813D00E480078D7
:10D6C00000280FD00D48008800280BD00B48008898
:10D6D000401E0A49088008460088002802D10A2016
:10D6E0000549087010BD0000D8020020DE020020AD
:10D6F0005C04002044000020D4020020DC02002052
:10D7000010B5044600F0ECFC30480078002805D045
:10D710002E480078401E2D49087010BDF8F7C6F954
:10D720002B48806A002837DA2A4800682A490968A5
:10D73000494240182749086008460068274988423E
:10D740002ADD24480068401A224908602048C06D3C
:10D75000401C1F49C86522480069401C20490861D7
:10D760002048C068401C1F49C8607D21C9001E4870
:10D770000068F5F749FE1B49C96888420CD814486F
:10D78000806D401C1249886515484069401C144949
:10D79000486100201349C8601448007800280FD061
:10D7A0001348007800280BD1124801780078401CFB
:10D7B000104A1070022906DD00201146087002E0B0
:10D7C00000200C49087000BFA7E7000052040020A9
:10D7D000BC040020F40200208003002080EE36000C
:10D7E000F007002074070020F80200206F030020DB
:10D7F0007003002051040020F8B505460E466A4625
:10D800003146284600F0ECF80446002C16D10C20D6
:10D810000B49888068460078C88068464078400692
:10D82000000C08498880684640784006000CC88093
:10D83000034840880C210843014948802046F8BD30
:10D84000201104404013044070B505460E463D4883
:10D850000078042108433B4908703B48C088000910
:10D8600000013949C880084680880C2108433649A0
:10D8700088800121354801750176017700203449FF
:10D8800008750876087722202F4920398882314888
:10D89000888367204002304988803048007C04211A
:10D8A00008432E490874072027492039C881FF20E2
:10D8B0002330C8822A48C883672040022649C8808E
:10D8C00021480089042108431F4908810846808AAD
:10D8D000244908401C49888208464089042108439D
:10D8E0001949488100BF2048C07D202108431E49B6
:10D8F000C8751E48C079042108431C49C8711B48DB
:10D900002030C0790421884318492031C87100BFF4
:10D9100000BF1548C07D202108431349C87513482E
:10D920002030C0790821084310492031C87100BF58
:10D9300031462846FFF760FF044600F027F82046EE
:10D9400070BD00002004024020110440206100400E
:10D9500020600040978000004013044060040440B1
:10D9600097400000FBFF00006008044000030440F3
:10D970000449087100BF04498988602211400029C8
:10D98000F9D17047401304400011044010B511480C
:10D990000089042108430F49088108464089042171
:10D9A00008430C494881084640880C21084309492E
:10D9B000488000200849087508760D2000F0AEFB6D
:10D9C0000E2000F0ABFB0121044801750021017617
:10D9D00010BD000020110440206000402061004084
:10D9E000F7B584B016468020039000242BE0600039
:10D9F000174A115A0498F5F707FD019002251EE019
:10DA0000691C0198F5F700FD41080291114A02993D
:10DA1000514308460599F5F7F7FC0E49471A381E99
:10DA200001DB014600E04142142906DA34707570CA
:10DA300000200390039807B0F0BD681CC5B2802D8C
:10DA4000DEDB601CC4B2102CD1DB0398F3E70000CE
:10DA500034F400001027000010B50D4841680D484F
:10DA60000068FFF7F1FE0A4800F080F80A480078E5
:10DA700000280CD101210948FEF73CF90121084892
:10DA8000FEF738F904480078401C0349087010BDBF
:10DA900054F40000B80400205E02002041DC0000C5
:10DAA00089DC000010B5012800DB10BD14224243C0
:10DAB0001D4BD2181389142242431B4C1219D288D1
:10DAC000934214DA1422424323469B5814224243C1
:10DAD000121912899954142242432346D2181289EA
:10DAE000521C93B2142242431219138119E00023ED
:10DAF000142242430C4C1219138114224243234630
:10DB00009B581422424312191289995414224243F9
:10DB10002346D2181289521C93B21422424312197E
:10DB2000138100BFC1E70000BC0C002010B5014606
:10DB30000A120802FF24240220400346104618431C
:10DB400010BD10B5044620680079702808DB2068F5
:10DB50000079802804DA00212046FBF793F803E0DF
:10DB600000212046FCF730FB10BD000010B5044634
:10DB70002078012849DA20780C21484323494018AD
:10DB80000021016041608160217814225143204AC4
:10DB900088181421F5F736FC2078142250431C4ACB
:10DBA000E1681150218A207814225043184A8018C5
:10DBB000C18002220021A068FEF732F821781422E9
:10DBC0005143134A891808710021207814225043C8
:10DBD0000F4A8018018120780C2250430B4A61695A
:10DBE0001150218B20780C225043084A80188180E4
:10DBF000002120780C225043044A8018C1802078EC
:10DC00000C225043014A8018018110BDB00C002045
:10DC1000BC0C0020F8B505460E461746012D00DB6A
:10DC2000F8BD1420FAF7BEFE002404E0305DFFF7D3
:10DC30009FFE601CC4B2BC42F8DB00BFF0E70000EE
:10DC400010B51048808800281AD00FE00D490968E7
:10DC50000C4AD288885CFFF78BFE0A4A9188D288EA
:10DC6000501CF5F7DBFB88B20649C8800548C08820
:10DC7000044909898842E9D100200249C880088105
:10DC800010BD0000B00C002010B5002400BF42E021
:10DC900014206043214940180089002839D06000D1
:10DCA0001F49095A142060431C4A80180089814288
:10DCB00027D114206043114609581420604380186E
:10DCC000C16014206043114640180189142060434C
:10DCD00080180182002114206043801801810020F7
:10DCE00061000F4A5052142262430C4BD218114665
:10DCF0000C3114226243D21810790122FDF7CAFFB9
:10DD000007E0142060430549401800896100044A77
:10DD10005052601CC4B2012CBADB10BDBC0C0020F8
:10DD20005C020020024605E01378521C002B01D053
:10DD300000207047481E011EF6DA0120F9E70000B6
:10DD400010B515490888FFF7F1FE144908801249FB
:10DD50004888FFF7EBFE114948800F498888FFF794
:10DD6000E5FE0E4988800C49C888FFF7DFFE0B49A5
:10DD7000C880042008720E2048721E2206490A310B
:10DD800006480A30F5F7DFFA28220349283103480C
:10DD90002830F5F7D8FA10BDD03000008C080020EC
:10DDA000B7490978002900D07047B64900228A5E39
:10DDB000072A07DCB449B54A1180B3491E39B44A71
:10DDC00011800CE0AF4900228A5E092A07DDB149C3
:10DDD000098EAE4A1180AF49498EAD4A1180AE49D5
:10DDE000096C0422114000291ED1AC490988A74AB8
:10DDF0001288914214DDAA490978491CC9B2A84A7F
:10DE0000117005291FDD0121A64A11700021A44AC5
:10DE10001170A149096C042211439F4A116412E058
:10DE200000219F4A11700EE09C490988984A128887
:10DE3000914208DA00219B4A11709749096C04222B
:10DE40009143954A11649449496C04221140002978
:10DE50001ED1924909888F4A928E914214DD9249CF
:10DE60000978491CC9B2904A117003291FDD0121AC
:10DE70008E4A117000218C4A11708749496C042226
:10DE80001143854A516412E00021874A11700EE067
:10DE9000824909887F4AD28E914208DA0021834A5A
:10DEA00011707D49496C042291437B4A51647A493F
:10DEB000096C0222114000291ED177494968754A30
:10DEC000126A914214D97A490978491CC9B2784A30
:10DED000117005291FDD0121764A11700021744A55
:10DEE00011706D49096C022211436B4A116412E0F2
:10DEF00000216F4A11700EE067494968654A526A0D
:10DF0000914208D200216B4A11706349096C0222C8
:10DF10009143614A11646049096C20221140002933
:10DF20001FD165490A885B49403109898A4214DA60
:10DF300062490978491CC9B2604A1170052920DD7F
:10DF400001215F4A117000215C4A11705249096C2D
:10DF500020221143504A116413E00021574A1170E6
:10DF60000FE055490A884B49403149898A4208DD0A
:10DF70000021534A11704849096C20229143464AB6
:10DF800011644549496C20221140002947D142497A
:10DF90004031098A012942D0474909887D2212016E
:10DFA000914217DA0021474A118047490978491CF4
:10DFB000C9B2454A1170032960DD0121434A11703D
:10DFC0000021414A11703449496C20221143324AE0
:10DFD000516453E038490A882E49403189898A4280
:10DFE00017DA0021384A117036490988491C89B26C
:10DFF000344A1180092941DD0121344A1170002180
:10E00000304A11802449496C20221143224A51642C
:10E0100034E000212B4A11802B4A11702EE01E495A
:10E02000496C20221140002925D023490A8819492A
:10E030004031C9898A420ADA17494031098A0129DF
:10E0400005D01549896A7D22D200914213DD20490D
:10E050000978491CC9B21E4A117000290EDD002141
:10E060001A4A11701A4A11700B49496C20229143C7
:10E07000094A516402E00021154A117000BF93E67D
:10E080002303002044000020340D0000A4030020DE
:10E09000A6030020E8060020BC0400203800002071
:10E0A0008C030020520300208D0300205303002026
:10E0B00095030020540300203C0000208E03002024
:10E0C0005A03002090030020920300205B030020ED
:10E0D00093030020AC2001494870704700100240B3
:10E0E00010B5FFF7F7FF10BD30B47446641E2578F5
:10E0F000641CAB4204D3635D5B00E31830BC18477B
:10E100001D46F8E7002805DBC206D20E012191402A
:10E11000014A11607047000080E200E0002805DB42
:10E12000C206D20E01219140014A116070470000E1
:10E1300080E200E0002805DBC206D20E01219140FA
:10E14000014A11607047000080E200E0002803D01F
:10E150000449054A116202E00121034A116200BF2D
:10E16000FEE70000AD0B00000080024070B50446E1
:10E17000084B0C229A5E08269E5F911B9A89121BFF
:10E1800012B23C235A431046F5F748F9193005B24C
:10E19000284670BD6006500010B500201149087572
:10E1A0001148C07B11490968087010480068401C7C
:10E1B0000E4908600C48C0890D49096808800C4860
:10E1C0000068801C0A4908600A480068401C094928
:10E1D00008600549C98908B2FFF7C8FF06490880E9
:10E1E00010BD00004060004000500440AC00002022
:10E1F000B0000020B4000020B8000020F0B50246B6
:10E200000B460C480C4E002111E0575C784000246E
:10E2100009E0C507ED0F4010002D02D007467740FA
:10E220003846671CFCB2082CF3DB4F1CF9B299424C
:10E23000EBDBF0BDFFFF000001A00000F0B50C46D5
:10E240000025164E367806705E1D361246705E1D2D
:10E2500086700126C670027155264671AA268671FF
:10E26000059EC6715E1D36125F1DF619761CB61826
:10E27000FF36059FF619F5B2002108E0665C0F46EF
:10E280000837C655665C7619F5B24E1CF1B2994254
:10E29000F4DB1E4608368555F0BD00007B040020E7
:10E2A00055280AD11249134A1160091F124A1160F8
:10E2B00003210903114A116019E069280BD10C49A7
:10E2C00080310C4A1160091F0B4A11602321C902D9
:10E2D0000A4A11600BE05A2809D10949054A116020
:10E2E000091F054A116001214904044A1160704761
:10E2F000082E00009C000020A0000020A4000020A8
:10E30000082F0000704670477047000010B50120CC
:10E3100002490870FBF792FC10BD00003302002098
:10E3200010B50120034908700520FAF747FBFBF7F9
:10E3300085FC10BD32020020704700000848007CB8
:10E34000012108430649087400BF0648407CC00705
:10E35000C00F0028F9D00120034908707047000061
:10E36000201A0440401B0440D30000200848007CD1
:10E37000012108430649087400BF0648407CC007D5
:10E38000C00F0028F9D00120034908707047000031
:10E39000201A0440401B0440D20000200349097C9D
:10E3A00020221143014A117470470000201A0440D2
:10E3B0000120014908707047D30000200120014965
:10E3C00008707047D200002010B50020074908707F
:10E3D000FBF77AFC0648407C80210840802802D167
:10E3E00000F008F801E000F0DFF810BD40600040E8
:10E3F000401B044010B56448807C40210840002840
:10E400000DD162480088002809D00120FFF794FF51
:10E410005F48007C012108435D490874B2E05D4813
:10E4200000788021084000284AD15748407C0421C8
:10E43000084000283AD057480078802108435549C1
:10E4400008705148407C0821084000281BD05048E3
:10E45000007C08434E4908744C48008800280FD0BF
:10E460004D4800680078484908744B480068401CD3
:10E470004949086045480088401E4449088081E0B9
:10E48000FFF774FF7EE04248007C042108434049C6
:10E4900008740846007C082188433D4908740846F2
:10E4A000007C202108433A4908746BE00220FFF702
:10E4B00043FF3748007C012108433549087461E077
:10E4C0003148407C08210840002824D02E48407C58
:10E4D00004210840002807D12C480088002803D0D8
:10E4E0000220FFF729FF4DE02848008800280FD0C0
:10E4F0002948006800782449087427480068401CAF
:10E500002549086021480088401E2049088039E0DC
:10E51000FFF72CFF36E0214800882149098888420E
:10E520002EDA1948007C1F49096808701D480068E8
:10E53000401C1C49086019480088401C1749088085
:10E540000846008816490988884212D11048007C84
:10E55000042188430E4908740846007C20210843A2
:10E560000B4908740846007C0821084308490874D0
:10E5700008E00748007C202108430549087401E0B1
:10E58000FFF7DCFE10BD0000401B0440D00000205F
:10E59000201A0440C0000020CC000020CA00002047
:10E5A000C8000020C400002010B57748407CC00798
:10E5B000C00F00281FD07548007C10218843734984
:10E5C0000874734800788021084000280FD07048F4
:10E5D000007804210840002801D0FFF7EFFE6C48C6
:10E5E000007802210840002801D0FFF7E1FE012059
:10E5F00067490870C6E06648007880210840002816
:10E600004CD16148407C10210840002842D05F482E
:10E61000007C08435D49087480205D4908705A48B1
:10E62000407C08210840002821D05848007C08433D
:10E63000564908745748008800280FD0564800688B
:10E6400000785149087454480068401C52490860D9
:10E6500050480088401E4F49088093E0FFF7AEFE07
:10E660004A48007C20210843484908748AE047480A
:10E67000007C04210843454908740846007C0821B1
:10E680008843424908740846007C202108433F49DA
:10E69000087477E08020FFF781FE73E03A48407C01
:10E6A00008210840002830D0394800780421084368
:10E6B000374908703448407C04210840002807D1BD
:10E6C00034480088002803D00220FFF767FE59E095
:10E6D0003048008800280FD02F48006800782A4969
:10E6E00008742D480068401C2B49086029480088A0
:10E6F000401E2849088045E0FFF760FE2348007C63
:10E7000020210843214908743CE021480078022177
:10E7100008431F4908702148008821490988884218
:10E720002ADA1948007C1F49096808701D480068EA
:10E73000401C1C49086019480088401C1749088083
:10E74000084600881649098888420ED10F48007C87
:10E75000082108430D4908740846007C202108431D
:10E760000A490874FFF724FE0CE00848007C2021C9
:10E7700008430649087405E00448007C202108434A
:10E780000249087410BD0000401B0440201A0440D8
:10E79000C1000020D0000020CC000020CA000020D2
:10E7A000C8000020C400002002480068401C014945
:10E7B00008607047D400002002480068401C0149EE
:10E7C00008607047FC00002002480068401C0149B6
:10E7D000086070470001002002480068401C0149A1
:10E7E00008607047D800002002480068401C0149BA
:10E7F00008607047DC00002002480068401C0149A6
:10E8000008607047E000002002480068401C014991
:10E8100008607047E400002002480068401C01497D
:10E8200008607047E800002002480068401C014969
:10E8300008607047EC00002002480068401C014955
:10E8400008607047F000002002480068401C014941
:10E8500008607047F400002002480068401C01492D
:10E8600008607047F80000201CB515480179019137
:10E870004179009168460079002804D000201049B1
:10E880000871FFF791FF68460078002816D0002134
:10E890000B484171FFF7C8FF10200A4908700A4968
:10E8A00049688A0088180B21F4F7AEFD103007493B
:10E8B0000860002006490870064908701CBD000069
:10E8C0000060004028030020E80600202C03002000
:10E8D0001C0300201F0300201CB50C48017A019185
:10E8E000417A009168460079002804D00020074949
:10E8F0000872FFF771FF68460078002804D00021F5
:10E9000002484172FFF798FF1CBD00000060004004
:10E910001CB51548017B0191417B00916846007947
:10E92000002816D0002010490873FFF75DFF0C2067
:10E930000E4908700E4949688A0088180B21F4F7BF
:10E9400063FD0C300B49086000200B4908700B492F
:10E95000087068460078002804D0002102484173FE
:10E96000FFF772FF1CBD000000600040280300207C
:10E97000E80600202C0300201C0300201F030020B9
:10E980001CB50C48017C0191417C009168460079DE
:10E99000002804D0002007490874FFF72DFF6846BF
:10E9A0000078002804D0002102484174FFF754FF8A
:10E9B0001CBD0000006000401CB51548017D0191A0
:10E9C000417D009168460079002816D0002010494A
:10E9D0000875FFF719FF0E200E4908700E494968A7
:10E9E0008A0088180B21F4F70FFD0E300B490860E0
:10E9F00000200B4908700B49087068460078002811
:10EA000004D0002102484175FFF7D6FE1CBD00006E
:10EA10000060004028030020E80600202C030020AE
:10EA20001C0300201F0300201CB51548017E019126
:10EA3000417E009168460079002816D000201049D8
:10EA40000876FFF7E9FE0F200E4908700E49496865
:10EA50008A0088180B21F4F7D7FC0F300B490860A7
:10EA600000200B4908700B490870684600780028A0
:10EA700004D0002102484176FFF7A6FE1CBD00002D
:10EA80000060004028030020E80600202C0300203E
:10EA90001C0300201F0300200020044908770448BD
:10EAA0000068401C02490860704700004060004058
:10EAB0005802002070B50446002500BF10E00A4A45
:10EAC00051781078FBF772FE6420F9F777FF064A59
:10EAD00051781078FBF77EFD6420F9F76FFF6D1C0D
:10EAE000A542ECDB70BD00007C02002072B6032062
:10EAF00000030E49886000BF00BF00BFBFF35F8FF7
:10EB000000BF00BF00BF62B6FDF79EFFFAF742FEEE
:10EB1000F9F734FCF6F7A4FBF5F7C6FC0320FFF782
:10EB2000C9FF01E0FCF78AFBFCE7000000ED00E014
:10EB30007047000002480068401C014908607047A7
:10EB40000C01002002480068401C01490860704721
:10EB5000100100201CB51D48017E01911B48183092
:10EB60004178009168460079002824D01848807FB9
:10EB70001021084000280AD01548807FEF21084066
:10EB800013498877002011490876FFF7D1FF104814
:10EB9000807F0821084000280DD00D48807FF72194
:10EBA00008400B498877002008490876FFF7C2FF24
:10EBB00012200849087068460078002805D0002116
:10EBC000024818304170FFF7BDFF1CBD4060004097
:10EBD000404F0440280300207047000000200149F6
:10EBE0000860704724010020002001490860704738
:10EBF0002C0100201CB500204549087245480088BA
:10EC0000C107C90F019168460079424908816846E9
:10EC10000079012804D168460079FFF7DDFF75E02F
:10EC20003D480088002803D13C480088012835D998
:10EC30003B48006800280FD03A48007C38490968F2
:10EC4000087037480068401C354908603348008820
:10EC5000401E3249088002E03248007C0090324871
:10EC6000006800280FD03048006800782D490874EB
:10EC70002D480068401C2C49086027480088401E29
:10EC80002549088042E02348008A01218903084081
:10EC900000283BD1FF202349087437E01F48008833
:10ECA00001281AD100BF1B480088202108400028F5
:10ECB000F9D01B48006800280AD01A48007C18497F
:10ECC0000968087015480088401E1449088002E051
:10ECD0001448007C0090FFF781FF1348006800286B
:10ECE00014D00C48008A012189030840002804D070
:10ECF0000848008B0840002806D100BF054800885E
:10ED0000402108400028F9D1FFF76EFF1CBD00002C
:10ED10002060004000110440320100202A01002040
:10ED200024010020001304402C0100207047000043
:10ED300010B5FCF70FFA00200149086010BD000073
:10ED40003401002010B5FCF705FA002001490860E5
:10ED500010BD00003C0100201CB546484088C1079A
:10ED6000C90F019168460079424948816846007997
:10ED7000012804D168460079FFF7D8FF75E03E48C6
:10ED80000088002803D13D480088012835D93C4837
:10ED9000006800280FD03B48807C3949096808701A
:10EDA00037480068401C3649086034480088401ED7
:10EDB0003249088002E03348807C00903248006885
:10EDC00000280FD03048006800782E4988742E48FB
:10EDD0000068401C2C49086027480088401E2649CE
:10EDE000088042E02348408A012189030840002826
:10EDF0003BD1FF202349887437E020480088012850
:10EE00001AD100BF1B484088202108400028F9D0B3
:10EE10001B48006800280AD01A48807C18490968F5
:10EE2000087016480088401E1449088002E0154802
:10EE3000807C0090FFF77CFF13480068002814D006
:10EE40000C48408A012189030840002804D0094861
:10EE5000408B0840002806D100BF0648408840216A
:10EE600008400028F9D1FFF76DFF0020074908731B
:10EE70001CBD000000110440420100203A010020A6
:10EE800034010020001304403C01002020600040B9
:10EE9000704770471CB500200D4908760D48C088A2
:10EEA0004107490F0091684600780A49C8816846C1
:10EEB0000078002803D068460078FFF7E9FF06488D
:10EEC00081790191684601790020FEF7EBFD1CBDB8
:10EED00020600040001104404013044010B50020A1
:10EEE0000C4908750C48008800280FD00B480068B2
:10EEF00000780B49087109480068401C0749086000
:10EF000005480088401E0449088001E0FFF7C1FF62
:10EF100010BD000020600040700100206C01002046
:10EF20004013044070B505460E46002400BF08E0BB
:10EF3000E3002A46DA40D1B230195522FAF746FEEC
:10EF4000641C042CF4DB70BD02480068401C0149BD
:10EF500008607047540200207047000010B5024658
:10EF60003C4B9B685B1C3B4CA3602346DB685B1CF3
:10EF7000E360394B1B78FF2B03D1384B1B79364CA0
:10EF80002370374B9B6C02242340002B61D100215E
:10EF900006E04C00324B2C331B5B1B1818B2491C8B
:10EFA0000129F6DB00B2052805DA2A4BDB6A5B1C77
:10EFB000284CE3621CE00F2805DA264B1B6B5B1C18
:10EFC000244C236314E0232805DA224B5B6B5B1C83
:10EFD000204C63630CE0322805DA1E4B9B6B5B1CF4
:10EFE0001C4CA36304E01B4BDB6B5B1C194CE36301
:10EFF0001B4B34241C5F052C05DA164BDB695B1CAC
:10F00000144CE36125E0164B34241C5F0F2C05DA09
:10F01000104BDB695B1C0F4CE3611AE0104B34248E
:10F020001C5F232C05DA0B4B1B6A5B1C094C23620B
:10F030000FE00B4B34241C5F322C05DA054B5B6A66
:10F040005B1C044C636204E0024B9B6A5B1C014C3A
:10F05000A36210BDF0070020B704002000000020CC
:10F06000BC0400207047000001460820334AD060ED
:10F07000F120106255205060AA2090600020C0430B
:10F08000086000BF2D480068C007C00F0028F9D0F5
:10F090002A48006801221043284A10600020D060EE
:10F0A000704701461020254AD060F120106255209B
:10F0B0005060AA2090600020C043086000BF1F4835
:10F0C0000068C007C00F0028F9D01C480068012262
:10F0D00010431A4A10600020D06010621046006889
:10F0E00004221040002801D0012070470020FCE7D6
:10F0F00070B503461D46F120104E3062002416E024
:10F10000AA200E4E70605520B06010782870521CF6
:10F110006D1C00BF09480068C007C00F0028F9D067
:10F120000648006801263043044E3060641C8C425F
:10F13000E6D30020014E306270BD000000000240A6
:10F1400000204E4908777047F7B5FFB089B00646F2
:10F150000F4600208790012005904002874205D984
:10F160008020879087987FB00CB0F0BD0396002474
:10F170000CE00398007886900398401C03908698D2
:10F18000FF2801D000200590601C84B2BC42F0D35F
:10F190000598002805D0394630468A9AFFF7A8FF1F
:10F1A0005BE0750AF119681C4002814202D9012016
:10F1B000049001E000200490700A40020290F005E3
:10F1C000C00D0190049800280FD0002408E0029898
:10F1D000007806A908550298401C0290601C84B271
:10F1E000012080028442F2DB0EE0002408E0029855
:10F1F000007806A908550298401C0290601C84B251
:10F20000012040028442F2DB00240AE08A9801785F
:10F210000198001906AA11548A98401C8A90601C13
:10F2200084B2BC42F2D3049800280DD06802FFF7E4
:10F2300038FF691C4802FFF734FF680206AA012163
:10F240008902FFF755FF08E06802FFF72AFF68020E
:10F2500006AA01214902FFF74BFF879883E730B5E3
:10F2600000230C4600BF05E025780570641C401C97
:10F270005D1CABB29342F7DB30BD00006060004024
:10F2800070B501250C002D051C4310D4EC4206D4AA
:10F29000AC420AD4994200D070BD904270BDE942A0
:10F2A00017D4EB4215D4994270BD894270BDEC422F
:10F2B00006D5AC42F9D58B4200D070BD824270BDFC
:10F2C0006D004C00EC4204D25C00EC4201D28B4257
:10F2D00070BD034C30B4F4F79BFE30BC70BD00BF72
:10F2E0001900160470B501251C002D050C4310D41F
:10F2F000EC4206D4AC420AD48B4200D070BD8242AC
:10F3000070BDEB4217D4E94215D48B4270BD9B42CD
:10F3100070BDEC4206D5AC42F9D5994200D070BD23
:10F32000904270BD6D005C00EC4204D24C00EC4297
:10F3300001D2994270BD0FB4034C0CBC03BC30B475
:10F34000F4F766FE30BC70BD1900160410271027B4
:10F3500010271027102710271027102710271027F5
:10F3600010271027102710271027102710271027E5
:10F37000DC1E0000DC1E0000E21D0000E21D00009B
:10F38000BA1ED4FE0420F4011027102710271027DE
:10F390001027102710271027080700002C01000055
:10F3A000100E0000480D0000A4380000983A00003C
:10F3B000803E00008C3C0000A43800009033000028
:10F3C0000839000020350000AC0D480DA60EAC0D2C
:10F3D000E02E0000C832000010270000302A000094
:10F3E000B80B800CC409B80BA0860100803801005E
:10F3F000C0D401006079FEFF80C7FEFF402BFEFFF6
:10F4000032002D00410037003700320046003C003A
:10F410000500080000000500F6FFFBFFECFFF6FF0B
:10F4200005000A00424154333247313337474834EC
:10F430003800000001000200040008001000200055
:10F4400040008000000100020004000800100020BD
:10F450000040008000000000004B000043DB000083
:10F46000D00C002000020000D00E0020000200009E
:10F47000DE09B10A840BCA0B110C3B0C660C7B0C29
:10F48000900C910C930C940C940C960C990C9D0C74
:10F49000A20CA80CAE0CB40CBA0CC10CC70CCB0C53
:10F4A000CF0CCA0CDA0CDD0C8C0A700BC90B090CE2
:10F4B0003A0C5F0C700C750C770C790C7A0C7B0C89
:10F4C0007D0C800C880C8F0C940C990C9F0CA50C57
:10F4D000AA0CAD0CB00CB30CB70CBA0CBE0CC10C22
:10F4E000B08E03009C5703004924030070F402000F
:10F4F000CDC70200249E02003C770200E2520200C7
:10F50000E63002001C1102005DF3010083D7010008
:10F510006CBD0100F8A401000A8E0100877801008B
:10F520005664010061510100913F0100D32E01009A
:10F53000141F0100451001005402010033F50000C2
:10F54000D6E800002FDD000032D20000D5C7000051
:10F550000EBE0000D2B400001AAC0000DEA3000012
:10F56000159C0000B8940000C28D00002B8700009D
:10F57000EE800000067B00006E7500002070000029
:10F58000196B000055660000CF610000845D00002B
:10F590007159000092550000E4510000664E0000D1
:10F5A000134B0000EA470000E94400000D42000050
:10F5B000543F0000BC3C0000443A0000E937000022
:10F5C000AB350000883300007D3100008B2F000038
:10F5D000B02D0000EA2B0000392A00009B28000013
:10F5E00010270000962500002D240000D4220000E2
:10F5F000892100004D2000001F1F0000FE1D00009B
:10F60000E81C0000DF1B0000E11A0000ED190000FB
:10F6100003190000231800004D1700007F1600009A
:10F62000B9150000FC1400004514000097130000F9
:10F63000EF1200004E120000B31100001E11000076
:10F640008F10000005100000810F0000020F000065
:10F65000870E0000110E0000A00D0000330D000009
:10F66000CA0C0000640C0000030C0000A50B000095
:10F670004A0B0000F30A00009F0A00004E0A000037
:10F68000FF090000B40900006B0900002509000013
:10F69000E10800009F080000600800002308000047
:10F6A000E8070000AF0700007807000042070000ED
:10F6B0000F070000DD060000AD0600007E0600001A
:10F6C0005106000026060000FC050000D3050000DE
:10F6D000AB05000085050000600500003C0500004A
:10F6E00019050000F8040000D7040000B804000069
:10F6F000990400007B0400005E0400004304000045
:10F70000270400000D040000F4030000DB030000E8
:10F71000B40300009D030000850300006F03000098
:10F7200059030000440300002F0300001B030000E6
:10F7300008030000F5020000E3020000D10200000F
:10F74000C0020000AF0200009F0200008F02000014
:10F7500080020000710200006202000054020000FA
:10F7600046020000390200002C0200001F020000C7
:10F7700077020000380F2F0F240F180F0B0FFD0E0C
:10F78000F10EE40ED50EC50EB30EA40E940E830E2C
:10F790006F0E5A0E490E360E210E0B0EF30DDE0DB6
:10F7A000C70DAE0D930D760D5E0D450D2A0D0C0D9A
:10F7B000EC0CD00CB20C910C6E0C470C2C0C0F0CFA
:10F7C000F00BD00BAD0B8E0B6E0B4B0B270B000B06
:10F7D000D70AAB0A7C0A490A130AF009CC09A7091F
:10F7E0007F09550938091A09FC08DB08BA08980886
:10F7F00074084F0828080008D607AB077D074E0796
:10F800001C070007E306C606A70688066806480622
:10F8100026060306E005C205A30584056405430525
:10F8200025050705E804C804A7048E0475045B04D5
:10F83000410426040F04F803E103C903B1039D0347
:10F84000880373035E034803350322030F03FC029E
:10F85000E802D802C702B602A50294028502760227
:10F860006602570247023A022E02210214020702E0
:10F87000FB01EF01E301D701CA01C001B601AB01F1
:10F88000A10196018D0185017C0173019D07000A8C
:10F89000010000002C01640058022C01320000001D
:10F8A0006400000000000000000000007E303030E6
:10F8B000303030383030303030464442380D7E30D1
:10F8C0003030303130383030303030464442380D0E
:10F8D0007E3030303031303031303030304644429C
:10F8E000460D7E30303030313038313030303046B7
:10F8F0004442370D7E3030303031303032303030AD
:10F9000030464442450D80807F7E7D7C7B7A7978CD
:10F91000777676757473727171706F6E6E6D6C6CD4
:10F920006B6A6A6968686766666564646363626176
:10F930006160605F5F5E5E5D5D5C5C5B5B5A5A59F7
:10F940005958585757565655555554545353525263
:10F950005251515050504F4F4F4E4E4D4D4D4C4CBB
:10F960004C4B4B4B4A4A4A49494948484847474704
:10F970004746464645454544444444434343434241
:10F980004242424141410000A8F90000000000202D
:10F99000BC0400006A41000018FA0000BC0400200A
:10F9A000BC1800005C310000015A022E01A2303266
:10F9B00003021F5502FF1901649AFF010138140167
:10F9C0000601140103041B0301081305041B0104B1
:10F9D00004130704120C12041B04010C19041B0667
:10F9E000020419241B0E0628191801530A3602BFF7
:10F9F00009371D091A350925393C8C0A032B054A9C
:10FA0000100E480DA97D0322B20C0A1B1EEFE9154A
:08FA1000123202640542FF00FE
:04000005000030C502
:00000001FF
