:020000040800F2
:10400000B847002035430008EBDA000899CA0008D9
:10401000BDDA0008BD7100082D1501080000000080
:1040200000000000000000000000000081E7000820
:10403000F5B40008000000004B4300082502010809
:104040004F4300084F4300084F4300084F43000808
:104050004F4300084F4300084F4300084F430008F8
:104060004F4300084F4300084F4300084F430008E8
:104070004F4300084F4300084F4300084F430008D8
:104080004F4300084F4300084F4300084F430008C8
:10409000311201084F4300084F4300084F43000806
:1040A0004F4300084F4300084F4300084F430008A8
:1040B0004F4300084F4300084F4300084F43000898
:1040C0004F4300084F4300084F4300084F43000888
:1040D0004F430008710E01084F4300084F4300088A
:1040E0004F4300084F4300084F4300084F43000868
:1040F0004F4300084F4300084F4300084F43000858
:104100004F4300084F4300084F4300084F43000847
:104110004F430008410E01084F4300084F43000879
:104120004F4300084F4300084F4300084F43000827
:104130004F4300084F4300084F4300084F43000817
:10414000417400084F4300084F4300084F430008E4
:104150004F4300084F4300084F4300084F430008F7
:104160004F4300084F4300084F4300084F430008E7
:104170004F4300084F4300084F4300084F430008D7
:104180004F4300084F4300084F4300084F430008C7
:104190004F4300084F43000800F042F800F089F850
:1041A0000023002400250026103A28BF78C1FBD840
:1041B000520728BF30C148BF0B607047642900F028
:1041C000ED80002070471FB50EF050FD1FBD7047F9
:1041D000010001000000E907040754343831303091
:1041E000434F4D2D56312E300000000000000000DE
:1041F00000000000000000004743343831303043F5
:104200004F4D2D56312E3000000000000000000000
:10421000000000000000000000000000000000009E
:104220000AA090E8000C82448344AAF10107DA4511
:1042300001D100F03EF8AFF2090EBAE80F0013F01A
:10424000010F18BFFB1A43F00103184790F000005C
:10425000B0F000000A444FF0000C10F8013B13F0DE
:10426000070408BF10F8014B1D1108BF10F8015BCF
:10427000641E05D010F8016B641E01F8016BF9D1C2
:1042800013F0080F1EBF10F8014BAD1C0C1B09D119
:104290006D1E58BF01F801CBFAD505E014F8016B8B
:1042A00001F8016B6D1EF9D59142D6D3704710B558
:1042B00010BD00F098FA1146FFF785FF0DF064FF7E
:1042C00000F0B6FA03B4FFF7F2FF03BC00F0BEFA49
:1042D000010000D04241543332473133374748342C
:1042E00038000000010001000000E907040200009E
:1042F00000000000000000000000000000000000BE
:1043000000000000000000000000000000000000AD
:10431000000000000000000000000000000000009D
:10432000000000000000000000000000000000008D
:10433000000000000948804709480047FEE7FEE703
:10434000FEE7FEE7FEE7FEE7FEE7FEE7FEE7FEE745
:1043500004480549054A064B704700004102010820
:1043600099410008B82F0020B8470020B83200203B
:10437000B83200200FB41CB5074B06AA7B4469462F
:104380000090059800F017FA0020694600F026FA20
:104390001CBC5DF814FB00005D0400002DE9F04139
:1043A0000646002410687529314616A510D0AFF3D3
:1043B0000080002802DA404213A507E031688A072E
:1043C00001D512A502E0490704D511A5012401E099
:1043D000AFF3008000210A2206F1240709E0B0FBB8
:1043E000F2FCB0FBF2F302FB1C00303078541846AC
:1043F000491C0028F3D123462A463046BDE8F04147
:1044000000F07BB9000000002D0000002B00000030
:10441000200000002DE9F05F894604464FF0000AB5
:10442000DFF824B1FB44C0F820A02046E1688847AB
:1044300000287DD0252806D0D4E901219047206AA4
:10444000401C2062F1E700255F462046E16888476E
:104450002028064607DB312E05D2B81910F8200CAB
:1044600008B10543F1E7A80701D525F00405C4F814
:104470001CA00027C4F818A02A2E09D030460DF041
:10448000F7FD38B304EB8708303EC8F8186019E030
:1044900059F8041B204604EB87029161E1688847C4
:1044A000012F064618D1E069002820DA25F0200502
:1044B0001DE0D8F8180000EB800006EB4000303813
:1044C000C8F818002046E168884706460DF0D0FD80
:1044D0000028EED1012F0AD02E2E08D12046E16807
:1044E00088477F1C0646022F45F02005C4DBA069E3
:1044F000002803DA404245F00105A061E80701D039
:1045000025F01005A6B1A6F14100192802D82036E1
:1045100045F400654A463146204625604D46FFF782
:104520004DFE60B1012807D0ED1D25F0070000E029
:1045300007E000F1080978E705F1040975E730465E
:104540007AE7206ABDE8F09FA2EE0000421E12F852
:10455000013F002BFBD111F8013B002B02F8013B7E
:10456000F9D17047032A40F2308010F0030C00F0BC
:10457000158011F8013BBCF1020F624498BF11F89D
:1045800001CB00F8013B38BF11F8013BA2F1040256
:1045900098BF00F801CB38BF00F8013B11F00303CE
:1045A00000F02580083AC0F0088051F8043B083A32
:1045B00051F804CBA0E80810F5E7121D5CBF51F8D4
:1045C000043B40F8043BAFF30080D20724BF11F84E
:1045D000013B11F801CB48BF11F8012B24BF00F8B3
:1045E000013B00F801CB48BF00F8012B704710B524
:1045F000203AC0F00B80B1E81850203AA0E81850DB
:10460000B1E81850A0E81850BFF4F5AF5FEA027C9B
:1046100024BFB1E81850A0E8185044BF18C918C00A
:10462000BDE810405FEA827C24BF51F8043B40F8AB
:10463000043B08BF7047D20728BF31F8023B48BF90
:1046400011F8012B28BF20F8023B48BF00F8012BCE
:10465000704702F0FF0343EA032242EA024200F0FD
:1046600002B84FF000020429C0F0128010F0030CD1
:1046700000F01B80CCF1040CBCF1020F18BF00F855
:10468000012BA8BF20F8022BA1EB0C0100F00DB804
:104690005FEAC17C24BF00F8012B00F8012B48BF62
:1046A00000F8012B70474FF0000200B51346944606
:1046B0009646203922BFA0E80C50A0E80C50B1F17A
:1046C0002001BFF4F7AF090728BFA0E80C5048BF8E
:1046D0000CC05DF804EB890028BF40F8042B08BF2C
:1046E000704748BF20F8022B11F0804F18BF00F828
:1046F000012B70477047704770472DE9F0470D4612
:1047000099469246044600F124080168880604D5BB
:10471000E06921F01001216000E00120A84201DDE4
:10472000471B00E00027A1697A1902EB0900081A6B
:10473000A0612078C00602D42046AFF30080002696
:1047400008E0D4E901211AF806009047206A401CCD
:10475000761C20624E45F4DB2078C0060AD5204640
:10476000AFF3008006E0D4E9012130209047206AB1
:10477000401C2062381EA7F10107F4DC07E0D4E9F1
:10478000012118F805009047206A401C2062281E6D
:10479000A5F10105F3DC2046AFF300802078000688
:1047A00002D50220BDE8F0870120FBE701694A1C21
:1047B00002610878704700B58FB0CDE90131002162
:1047C000059105497944CDE9031011466846FFF784
:1047D00021FE0FB000BD0000E5FFFFFF0A6802F8F0
:1047E000010B0A607047754600F02CF8AE460500D4
:1047F0006946534620F00700854618B020B5FFF7FC
:10480000A7FDBDE820404FF000064FF000074FF035
:1048100000084FF0000B21F00701AC46ACE8C009DE
:10482000ACE8C009ACE8C009ACE8C0098D467047E7
:1048300010B50446AFF300802046BDE81040FFF7F6
:1048400041BD000000487047582F00200149182042
:10485000ABBEFEE726000200816D21F010018165EC
:1048600070477F228A4302607047000000B587B01E
:104870000121480309F02AFB0721002000F03EF83F
:104880004FF478414FF4806009F0F4FA0420ADF859
:10489000180000208DF81B0006A9164807F0DEFE60
:1048A000002001908DF8080001208DF809004FF4D8
:1048B000602003900020049001208DF8140001A9CD
:1048C0000D4800F049F901210B4800F0B1F800BF94
:1048D0002021094800F037F90028F9D0064800F0F7
:1048E0006CF900BF044800F0C0F80028FAD107B006
:1048F00000BD000000080140000C024070B50546F4
:104900000C46A5B900214FF4807009F0CDFA20467D
:1049100009F0BEFA1048FFF79FFF1048FFF79CFF11
:104920000F48FFF799FF0F48FFF796FF12E00121AC
:10493000204609F0B9FA002009F0AAFA064800F06A
:1049400037F9064800F034F9054800F031F9054818
:1049500000F02EF970BD000000080240000C02407B
:1049600000180240001C0240F0B504461546002025
:104970000022122905D1E06D20F007001843E06500
:1049800020E0092911DDE068A1F10A0606EB4607DF
:10499000072606FA07F29043A1F10A0606EB46063F
:1049A00003FA06F21043E0600CE0206901EB4107D6
:1049B000072606FA07F2904301EB410603FA06F2D6
:1049C00010432061072D0FDA606B6E1E06EB860721
:1049D0001F2606FA07F290436E1E06EB860601FAC2
:1049E00006F21043606322E00D2D0FDA206BEE1FFC
:1049F00006EB86071F2606FA07F29043EE1F06EB2A
:104A0000860601FA06F21043206310E0E06AA5F181
:104A10000D0606EB86071F2606FA07F29043A5F15E
:104A20000D0606EB860601FA06F21043E062F0BDC1
:104A3000002221B1836843F00103836003E08368AF
:104A400023F001038360002200E0521CB2F5947F42
:104A5000FBD3704721B1826842F4A002826003E078
:104A6000826822F4A00282607047014600208A68B2
:104A700002F004020AB1012000E000204A6D02B1F8
:104A8000002070472DE9F04188B006460C4600250D
:104A9000002020700623012231462348FFF764FFDF
:104AA00002212148FFF7DDFE10211F48FFF7D9FE44
:104AB00001211D48FFF7CEFF00BF27E007F040FFB0
:104AC000804607E00221184800F034F8012801D19F
:104AD000207005E00221404606F0E2FD0028F1D0FA
:104AE00000BF02211048FFF7BCFE10210E48FFF75F
:104AF000B8FE0D4800F01AF82DF81500207818B906
:104B0000002008B0BDE8F081681C85B2082DD5DB17
:104B100000210548FFF79EFF0821684603F0A0F931
:104B200007463846EDE70000000C02400146C86C1D
:104B300080B270470246002013680B400BB1012081
:104B400000E00020704702460020936D0B400BB13F
:104B5000012000E00020704770B5024600200023CD
:104B6000002402F160042825256050680E4D28407D
:104B70000E790D6845EA06252843506090680B4D74
:104B80002840D1E9026535434E7945EA4605284378
:104B90009060D06A20F470000D7C6D1EEDB22B4346
:104BA00040EA0350D06270BDFFFEF0FFFDF7F1FF59
:104BB000816D41F01001816570470021426D1AB985
:104BC000826842F004028260002100E0491CB1F5D5
:104BD000947FFBD37047000000210AE00A4800EBF5
:104BE000C1000279481C824201D000207047481C55
:104BF000C1B2064800788142F0DB04480078044ADC
:104C000010810120F2E70000E02C0020AC0300201E
:104C10002808002030B599B000240025202111A8D3
:104C2000FFF741FDFF22202111A8FFF712FDFF220F
:104C3000402101A8FFF70DFD3A4903C9CDE9010163
:104C400000BF07E0374850F8340011A941F82400AC
:104C5000601CC4B2344800788442F3DB32480178E7
:104C600011A802F08AFA002420E0002517E011A81C
:104C700050F824002B4951F8351088420DD101A875
:104C800000EBC400274901EBC50206CA06C0601C40
:104C900001A901EBC401087105E0681CC5B22248F6
:104CA00000788542E3DB00BF601CC4B21E48007878
:104CB0008442DADB402201A91A48FFF798FC00245D
:104CC0001FE0184850F8340018490968884216D186
:104CD000144800EBC4000079144908713CB9012064
:104CE000104901EBC40148711049487106E00220E7
:104CF0000C4901EBC40148710C49487105E0601C86
:104D0000C4B2094800788442DBDB00BF0548006874
:104D1000074908600448007808710020487119B0FC
:104D200030BD0000E02C0020AC0300200C0000206F
:104D3000BC030020F8B505460020009000260024A2
:104D400007E0281906F0AEFDE10088400644601C2B
:104D5000C4B2042CF5DB3046F8BD0000F8B50746B8
:104D60000025002601200090002469460B20FFF753
:104D700089FE04469DF80000012801D107480480FF
:104D80000648008806490988484300EB4010000B9C
:104D90000A21B0FBF1F003490860F8BD06090020C4
:104DA00040070020E0030020F8B504460D461646F3
:104DB00000200090002794F802C060780CEB0021DE
:104DC00020790090002018706079552802D1A079D0
:104DD000AA2801D00520F8BD012203E0A05C3844D8
:104DE000C7B2521CC81C8242F8D39DF8000000F0E4
:104DF000800010B10420187004E0081D854201D025
:104E0000022018709DF80000772807D09DF8000058
:104E1000782803D0082D01D002201870C81C205C0F
:104E2000B84201D006201870081F30609DF80000BD
:104E3000D1E701460A78412A06DB0A785A2A03DCC0
:104E40000A78373AD0B20AE00A78302A06DB0A78C4
:104E5000392A03DC0A78303AD0B200E000207047EB
:104E600001460A78302A06DB0A78392A03DC0A78F8
:104E7000303AD0B200E0002070473CB502460B4605
:104E8000002000240094019400212CE01478302CA0
:104E900008DB1478392C05DC1478303CE4B20DF8CA
:104EA000014016E01478412C08DB1478462C05DC10
:104EB0001478373CE4B20DF801400AE01478612C14
:104EC00007DB1478662C04DC1478573CE4B20DF848
:104ED00001401DF801405D1E6D1AAD00AC4020433D
:104EE000521C4C1CE1B29942D0DB3CBD01460A7811
:104EF000412A06DB0A785A2A03DC0A78413AD0B202
:104F000000E00020704710B5044600F0F3FA00F00E
:104F10004DF900F07FFE10BD30B585B00546002488
:104F20004048007808B105B030BD00200BF058F9BA
:104F3000012804D001200BF053F9012800D1F2E739
:104F400039480089012810D1602238493848FFF7D4
:104F50004EFB0120374908700020374908800122A4
:104F60000021364801F040FE5AE02F480089012810
:104F700056DD33484079012835D12B480089314925
:104F8000097888422BDD3048007818B12E48007827
:104F900003280BDD00202C4908702A480078401CAB
:104FA000284908700846007828494871684608F082
:104FB00067FA25480078401C23490870204800798A
:104FC0002049097888420FD100201F49087001202C
:104FD0001E4988712246042102F03EFA04E00020B6
:104FE0001849087000E000BF1948007820B1224637
:104FF0000121084602F030FA1648007838B1164808
:10500000007828B122460221012002F025FA07E0AB
:105010001148007820B922460521012002F01CFA2F
:1050200000BF80E7BB01002028080020E00300202B
:1050300040040020B0030020482F0020202D002035
:105040000C000020D4030020AD030020BC0300208E
:10505000B80300201A0300200C0200200146C9B248
:1050600008467047014601F0FF51490D0846704758
:10507000014601F47F41090A084670472DE9F047CF
:1050800004460027B846B9460026002594F8F86182
:1050900094F8F951012E01DB012D01DABDE8F0870A
:1050A00094F8FB0100F0010000283CD0012794F89F
:1050B000FA01012827D002282FD0042802D0052881
:1050C0002FD126E019480089401CA8421ADD691E2C
:1050D00001EB4101164A02EB411060222146FFF725
:1050E00041FA002013490870681EC1B2012212481B
:1050F00001F07AFD0021681E104A22F810100121EB
:105100000F4A11540EE04FF0010801200D490870BC
:1051100008E000200C49087004E001200A490870EA
:1051200000E000BF00BF00BFB8E700002808002073
:1051300040040020AD030020202D0020482F002037
:10514000B00300200E0200200C0200201CB501203C
:1051500000906423002211460190104809F082FD5E
:10516000012000904FF496730022114601900C48E4
:1051700009F078FD01200090C8230022114601901B
:10518000084809F06FFD012000904FF4FA730022E7
:1051900011460190044809F065FD1CBD65D3000867
:1051A000194F0008074F0008259C00082DE9F0471B
:1051B00088B0002004900590069007900090019020
:1051C000029003900025002680468146BC48007866
:1051D00010B108B0BDE8F0879020BA4988867820E1
:1051E000C88600240EE004EB4400B74901EB4010F0
:1051F00090F8480000F01F0010B14FF0010805E0E2
:10520000601CC4B2AF480089A042ECDC00BFB8F11A
:10521000010F0FD1AD4801780078401CAB4A1070E7
:105220001E290FDD002011460870A9490870A94900
:10523000087007E00020A54908700120A449087003
:10524000A4490870002437E004EB4400A24901EBB4
:105250008000B0F90A00112806DD04EB440001EBE0
:105260008000B0F9087006E004EB44009A4901EBB5
:105270008000B0F90A70994840686421B0FBF1FAE7
:1052800004EB4401944A02EB8101888822463946A6
:1052900009F026FB0AFB00FA6420BAFBF0F089490A
:1052A00091F8591048436421B0FBF1F000B204A911
:1052B00021F81400601CC4B282480089A042C3DCFB
:1052C00000242FE004EB44007F4901EB401090F8EC
:1052D0003C0000F04000402803D1002080490855E0
:1052E0001EE004EB4400784901EB4010006C40F2F2
:1052F0004651084018B100207949085510E004EBE8
:105300004400714901EB401090F83C0000F00800A7
:1053100018B100207249085502E001207049085573
:10532000601CC4B267480089A042CBDC002409E0BD
:1053300004A830F814006A49095D10FB015085B2D9
:10534000601CC4B25F480089A042F1DC604800786C
:105350006843644908805B48806B0988884204D9A7
:1053600060480088574988630EE05648806B0A30D1
:10537000544988630846806B5A490988884203D992
:10538000584800884F498863002424E05348406807
:105390006421B0FBF1FA04EB44024F4B03EB8202B1
:1053A000B2F9081004EB440203EB8202D0882246D3
:1053B00009F006FB0AFB00FA6420BAFBF0F0414951
:1053C00091F8591048436421B0FBF1F000B22DF878
:1053D0001400601CC4B23B480089A042D6DC002403
:1053E00021E004EB4400384901EB401090F83C0008
:1053F00000F08000802803D100203B49085510E0D0
:1054000004EB4400304901EB4010B0F8400000F4D8
:105410002B6018B100203449085502E001203249C0
:105420000855601CC4B227480089A042D9DC00247A
:1054300008E03DF814002C49095D10FB016086B2BC
:10544000601CC4B21F480089A042F2DC21480078E9
:105450007043264908801B48C06B0988884204D9DC
:10546000224800881749C8630EE01648C06B0A300E
:105470001449C8630846C06B1C490988884203D98F
:105480001A4800880F49C8631948007840B90D4888
:10549000B0F8480005280BDC01201549087007E02A
:1054A0000848B0F848000A2802DB002010490870BC
:1054B0000F48007810B100200249C86300BF88E699
:1054C000BB01002028080020400400209E0300208B
:1054D0005803002059030020802C002014000020D5
:1054E0008A0300209A030020920300209C030020DE
:1054F0009F0300202DE9F04F87B00027B846002613
:10550000FA4890F80890B246B346002006900590FD
:1055100004900390029001900090F548007810B13B
:1055200007B0BDE8F08FF34840684FF47A71B0FBE4
:10553000F1F0EE4908800846008809894843EB49A4
:105540004860642081F8590000246BE02146EA4855
:1055500001F016FB022800D162E004EB4400E749A9
:1055600001EB4010008904EB4401E54A02EB8101A4
:10557000888004EB4400E14901EB4010008904EB12
:10558000440102EB8101C880012546E004EB4400A0
:10559000DA4901EB4010083030F8150004EB440103
:1055A000D74A02EB81018988884211DD04EB44006F
:1055B000114601F8205004EB4400D04901EB4010A3
:1055C000083030F8150004EB440102EB81018880BB
:1055D00004EB4400C94901EB4010083030F81500D5
:1055E00004EB4401C64A02EB8101C988884212DA01
:1055F00004EB4400114601EB8000457004EB4400CD
:10560000BE4901EB4010083030F8150004EB4401AE
:1056100002EB8101C880681CC5B2042DB6DB00BF57
:10562000601CC4B2B1480089A0428FDC002469E04C
:105630002146B14801F0A4FA022800D160E004EB51
:105640004400AE4901EB4010B0F92C0004EB4401DA
:10565000AB4A02EB8101488104EB440102EB81017A
:105660000881012549E004EB4400A44901EB401006
:105670002C3030F9150004EB4401A14A02EB810102
:10568000B1F90810884212DD04EB4400114601EB29
:105690008000857004EB4400984901EB40102C30E9
:1056A00030F8150004EB440102EB8101088104EBA2
:1056B0004400924901EB40102C3030F9150004EB06
:1056C00044018F4A02EB8101B1F90A10884212DAD3
:1056D00004EB4400114601EB8000C57004EB44006C
:1056E000864901EB40102C3030F8150004EB4401E2
:1056F00002EB81014881681CC5B2012DB3DB00BFFC
:10570000601CC4B279480089A04291DC7C48808842
:10571000764908837A48C088488379480089888216
:1057200077484089C88200245DE02146724801F034
:1057300027FA022800D154E004EB4400704901EB41
:10574000800080886949098B884209DB6D48847034
:1057500004EB44006A4901EB8000808863490883B8
:1057600004EB4400664901EB8000C0885F49498B27
:10577000884209DC6348C47004EB4400604901EBD3
:105780008000C0885949488304EB44005C4901EB20
:105790008000B0F908005549B1F91410884209DBBE
:1057A0005848047004EB4400554901EB800000891F
:1057B0004E49888204EB4400514901EB8000B0F966
:1057C0000A004A49B1F91610884209DC4D48447074
:1057D00004EB44004A4901EB800040894349C882F8
:1057E00000BF601CC4B241480089A0429DDC434810
:1057F00000680690002419E021463F4801F0C0F9F6
:10580000022800D110E004EB44003C4901EB4010B9
:1058100001680698814206D204EB4400374901EB47
:1058200040100068069000BF601CC4B22F48008979
:10583000A042E1DC314840682C490862C86100247C
:105840002EE021462C4801F09BF9022800D125E0EA
:1058500004EB4400294901EB401040682349C96921
:10586000884208D304EB4400244901EB401040680F
:105870001E49C86111E004EB4400204901EB4010CF
:1058800040681A49096A884207D804EB44001B495A
:1058900001EB401040681549086200BF601CC4B2AB
:1058A00012480089A042CCDC1448806A0F49886203
:1058B000486200243DE021460F4801F061F90228CA
:1058C00000D134E004EB44000C4901EB4010806A45
:1058D0000649496A884217DD04EB4400074901EB99
:1058E0004010806A0149486220E00000280800203A
:1058F000BB01002014000020202D002040040020C7
:10590000802C00206203002004EB4400BC4901EB22
:105910004010806ABB49896A884207DA04EB440078
:10592000B74901EB4010806AB649886200BF601C2D
:10593000C4B2B4480089A042BDDCB148B0F85200FE
:10594000B049C8858885AE48B0F8540080B2488612
:10595000088600245DE02146AB4801F011F90228D9
:1059600000D154E004EB4400A54901EB4010B0F82D
:105970005200A449898D884209DD04EB4400A04906
:1059800001EB4010B0F852009E49888513E004EB0B
:1059900044009B4901EB4010B0F852009949C98D71
:1059A000884208DA04EB4400954901EB4010B0F856
:1059B00052009449C88504EB4400914901EB401022
:1059C000B0F8540080B28F49098E884209DD04EB9B
:1059D00044008B4901EB4010B0F854008949088617
:1059E00014E004EB4400864901EB4010B0F8540089
:1059F00080B28449498E884208DA04EB4400804929
:105A000001EB4010B0F854007E49488600BF601C8E
:105A1000C4B27C480089A0429DDC002427E02146D6
:105A2000794801F0ADF8022800D11EE004EB4400F3
:105A3000734901EB401090F83C0000F04000402812
:105A400003D10598401C80B2059004EB44006C49DA
:105A500001EB401090F83C0000F08000802803D15A
:105A60000498401C80B2049000BF601CC4B265481A
:105A70000089A042D3DC63490598088204984882D3
:105A8000002423E02146604801F07AF8022800D182
:105A90001AE004EB44005A4901EB4010806C5B496A
:105AA000084018B10398401C80B2039004EB4400F6
:105AB000534901EB4010806C5549084018B10298D9
:105AC000401C80B2029000BF601CC4B24D480089E7
:105AD000A042D7DC4B49039888810298C881642191
:105AE0000698B0FBF1F04749A1F8420000240BE012
:105AF00004EB4400424901EB4010806A642190FBB2
:105B0000F1F00744601CC4B23E480089A042EFDCBB
:105B10003C484764808A00EB8000400000B239496D
:105B2000A1F84000002422E004EB4400344901EBDA
:105B30004010B0F8520004EB4401314A02EB41112D
:105B4000496D00FB018804EB4400114601EB401055
:105B5000406D064404EB440001EB4010B0F85200E5
:105B600018B90AF1010000F0FF0A601CC4B2254810
:105B70000089A042D8DCC6B1B8FBF6F000F0FF0BFC
:105B8000BBF1000F0DD11F480089504504D1002002
:105B90001C49A1F848000CE001201A49A1F848006E
:105BA00007E01848A0F848B003E000201549A1F824
:105BB0004800B9F1000F06D0B6FBF9F0C0B21149A8
:105BC000A1F84A0003E000200E49A1F84A00002491
:105BD0000AE004EB44000A4901EB4010C16D019852
:105BE00008440190601CC4B206480089A042F0DC61
:105BF000044841680198B0FBF1F0009000BF8FE4C9
:105C00004004002028080020202D00201F000F0045
:105C10009000010010B5F748007828B1F5480078E9
:105C2000401EF449087010BDF348007800B1FAE74F
:105C3000002418E004EB4400F04901EB401090F818
:105C4000440000F0040030B1ED48C06C40F00400A6
:105C5000EB49C8640BE0EA48C06C20F00400E84956
:105C6000C864601CC4B2E6480089A042E2DC00BF00
:105C7000002418E004EB4400E04901EB401090F8E8
:105C8000440000F0200030B1DD48C06C40F020003E
:105C9000DB49C8640BE0DA48C06C20F02000D8492A
:105CA000C864601CC4B2D6480089A042E2DC00BFD0
:105CB000002418E004EB4400D04901EB401090F8B8
:105CC000440000F0400030B1CD48C06C40F04000CE
:105CD000CB49C8640BE0CA48C06C20F04000C849FA
:105CE000C864601CC4B2C6480089A042E2DC00BFA0
:105CF000002418E004EB4400C04901EB401090F888
:105D0000440000F0800030B1BD48C06C40F080001D
:105D1000BB49C8640BE0BA48C06C20F08000B849A9
:105D2000C864601CC4B2B6480089A042E2DC00BF6F
:105D3000002418E004EB4400B04901EB4010B0F837
:105D4000440000F4807030B1AD48C06C40F4807005
:105D5000AB49C8640BE0AA48C06C20F48070A84925
:105D6000C864601CC4B2A6480089A042E2DC00BF3F
:105D7000002418E004EB4400A04901EB4010B0F807
:105D8000440000F4007030B19D48C06C40F40070D5
:105D90009B49C8640BE09A48C06C20F40070984995
:105DA000C864601CC4B296480089A042E2DC00BF0F
:105DB000002418E004EB4400904901EB4010B0F8D7
:105DC000440000F4806030B18D48C06C40F48060C5
:105DD0008B49C8640BE08A48C06C20F48060884915
:105DE000C864601CC4B286480089A042E2DC00BFDF
:105DF000002418E004EB4400804901EB4010B0F8A7
:105E0000440000F4006030B17D48C06C40F4006094
:105E10007B49C8640BE07A48C06C20F40060784984
:105E2000C864601CC4B276480089A042E2DC00BFAE
:105E3000002418E004EB4400704901EB4010B0F876
:105E4000440000F4804030B16D48C06C40F48040A4
:105E50006B49C8640BE06A48C06C20F48040684914
:105E6000C864601CC4B266480089A042E2DC00BF7E
:105E7000002417E004EB4400604901EB4010406C43
:105E800000F4000030B15E48C06C40F400005C4992
:105E9000C8640BE05A48C06C20F400005849C8643C
:105EA000601CC4B256480089A042E3DC00BF002455
:105EB00018E004EB4400514901EB401090F8480011
:105EC00000F0010030B14E48006D40F001004C4937
:105ED00008650BE04A48006D20F00100484908655C
:105EE000601CC4B246480089A042E2DC00BF002426
:105EF00018E004EB4400414901EB401090F84800E1
:105F000000F0020030B13E48006D40F002003C4914
:105F100008650BE03A48006D20F00200384908653A
:105F2000601CC4B236480089A042E2DC00BF0024F5
:105F300018E004EB4400314901EB401090F84800B0
:105F400000F0040030B12E48006D40F004002C49F0
:105F500008650BE02A48006D20F004002849086518
:105F6000601CC4B226480089A042E2DC00BF0024C5
:105F700018E004EB4400214901EB401090F8480080
:105F800000F0080030B11E48006D40F008001C49C8
:105F900008650BE01A48006D20F0080018490865F4
:105FA000601CC4B216480089A042E2DC00BF002495
:105FB00018E004EB4400114901EB401090F8480050
:105FC00000F0100030B10E48006D40F010000C4998
:105FD00008650BE00A48006D20F0100008490865CC
:105FE000601CC4B206480089A042E2DC00BF002465
:105FF00021E0000069030020BB01002040040020D4
:106000002808002004EB4400CF4901EB4010B0F811
:10601000480000F4807030B1CC48006D40F48070CE
:10602000CA4908650BE0C948006D20F48070C74973
:106030000865601CC4B2C5480089A042E2DC00BF0C
:10604000002417E004EB4400BF4901EB4010806CD2
:1060500000F4003030B1BD48006D40F40030BB4961
:1060600008650BE0B948006D20F40030B7490865B9
:10607000601CC4B2B5480089A042E3DC00BF002424
:1060800017E004EB4400B04901EB4010806C00F4D1
:10609000002030B1AD48006D40F40020AB490865E8
:1060A0000BE0AA48006D20F40020A8490865601C98
:1060B000C4B2A6480089A042E3DC00BFA4484068FF
:1060C00020F00300801CA24948600021072006F050
:1060D000BFFB08B1012100E002219D48406861F347
:1060E00083009B4948600021202006F0B1FB08B1E5
:1060F000012100E002219648406861F305109449AF
:10610000486000214FF4007006F0A2FB08B10121A5
:1061100000E002218E48406861F387108C49486096
:1061200000214FF4006006F093FB08B1012100E06C
:1061300002218748406861F30920854948600021B1
:106140004FF4807006F084FB08B1012100E00221C9
:106150007F48406861F38B207D49486000214FF4FF
:10616000806006F075FB08B1012100E0022178484B
:10617000406861F30D30764948600021802006F0C8
:1061800067FB08B1012100E002217148406861F31A
:106190008F306F4948600021402006F059FB08B15C
:1061A000012100E002216A48406861F3114068491A
:1061B00048600846406820F4402000F50020486010
:1061C0000846406820F4401000F5001048600021A7
:1061D0004FF4803006F03CFB08B1012100E00221C1
:1061E0005B48406861F397505949486008464068E9
:1061F00020F0407000F1007048600846406820F0D0
:10620000406000F1006048600846406820F070403F
:1062100048600846006820F00300801C08600121E7
:10622000072006F015FB08B1012100E002214848D3
:10623000006861F38300464908600121202006F0D0
:1062400007FB08B1012100E002214148006861F329
:1062500005103F4908600121480206F0F9FA08B12B
:10626000012100E002213A48006861F387103849B3
:1062700008600121C80206F0EBFA08B1012100E034
:1062800002213348006861F3092031490860012187
:10629000080206F0DDFA08B1012100E002212C48D5
:1062A000006861F38B202A4908600121880206F00A
:1062B000CFFA08B1012100E002212548006861F30E
:1062C0000D30234908600121802006F0C1FA08B191
:1062D000012100E002211E48006861F38F301C4953
:1062E00008600121402006F0B3FA08B1012100E066
:1062F00002211748006861F31140154908600846FB
:10630000006820F4402000F5002008600121880387
:1063100006F09EFA08B1012100E002210C48006855
:1063200061F315500A49086002210A4806F090FA04
:1063300008B1012100E002210548006861F397508F
:106340000349086000BF6EE44004002028080020D4
:10635000380000200F011F001CB50120022164231A
:106360000022CDE900101146504808F07BFC0120C6
:10637000022164230022CDE9001011464C4808F0A8
:1063800071FC0120022164230022CDE90010114696
:10639000484808F067FC012002214FF49673002260
:1063A000CDE900101146444808F05CFC01200221B0
:1063B0004FF496730022CDE9001011463F4808F0D3
:1063C00051FC012002214FF496730022CDE9001008
:1063D00011463B4808F046FC0120022164230022BC
:1063E000CDE900101146374808F03CFC012002219D
:1063F0004FF496730022CDE900101146324808F0A0
:1064000031FC012002214FF496730022CDE90010E7
:1064100011462E4808F026FC012002214FF4967305
:106420000022CDE900101146294808F01BFC01208C
:10643000022164230022CDE900101146254808F00E
:1064400011FC0120022164230022CDE90010114635
:10645000214808F007FC0120022164230022CDE935
:10646000001011461D4808F0FDFB012002216423A5
:106470000022CDE900101146194808F0F3FB012075
:1064800002214FF47A730022CDE90010114615481D
:1064900008F0E8FB012002214EF660230022CDE93E
:1064A00000101146104808F0DDFB1CBD01F6000885
:1064B0005D4D000849A100080D1C0108F9050108FF
:1064C000D58D00083994000809990008B1C7000863
:1064D000D988000839920008ED64000855DC0008EE
:1064E000610C0108290D0108910C01082DE9F0410A
:1064F0000746002500266748007848B96648C07CF2
:10650000C0F3400020B96448C07CC0F3830008B9E0
:10651000BDE8F0816148C06C80B161480068401CF2
:106520005F4908605F4909685F4A5143884208D95A
:1065300000205B4908605949C86402E000205849BE
:1065400008605648806C58B100205449C864B1F8BE
:106550004C1088B209F068F8544800210160D7E770
:106560004E48B0F85000022866D04C48C06C002855
:1065700043D14F48008840F6E44188423DDB002487
:106580002AE04648083030F8141049480088323074
:1065900081421CDD4548015D005D401C434A1055A9
:1065A000142917DD0020114608553C48C06C012114
:1065B000A14008433949C864204604EBD071491012
:1065C000A4EB410109B9012604E0012502E0002005
:1065D00036490855601CC4B2042CD2DB2F48C06C6D
:1065E00010B132480021016026B11DB102202D49B1
:1065F000086002E001202B4908602E48007830B97D
:106600002648C06C18B301202A4908701FE02948A9
:10661000007801281BD128480078012817D11F488D
:10662000B0F85000012812D100201C49C86421494B
:106630000870214908700AE01848B0F85000022894
:1066400005D11C480078012801D11B490870134866
:10665000C06CB8B1002413E01048083030F81400C2
:1066600040F6B831884209DC0C48C06C0121A140D9
:1066700088430A49C86400200C490855601CC4B20C
:10668000042CE9DB0549B1F84C1088B208F0CCFFC6
:1066900000BF3DE7BB01002074100020E003002094
:1066A000CC020020D802002020BF0200D00200202F
:1066B00044000020D4020020D502002070470000D2
:1066C0002DE9F0412DED0E8B002500260027A84670
:1066D0009FED9F0BB0EE408AF0EE608A9FED9C0B21
:1066E000B0EE40DAF0EE60DA9FED990BB0EE40EAE2
:1066F000F0EE60EA9848007860B309F015FB0446B4
:106700000CF02FF841EC180B944801780078401CED
:10671000924A1070042910DA914800680CF021F8B0
:1067200041EC1A0B53EC182B0BF0E0FD41EC190B6C
:106730000BF0E8FF8A49086027E08948006880106C
:1067400088490860002085490870854908608249A9
:1067500008701AE08448B0F9000010F10A0F0ADA54
:1067600009F0E2FA7F490968441A20460BF0F9FF64
:1067700041EC180B09E009F0D7FA7A490968441A84
:1067800020460BF0EEFF41EC180B9FED710B53EC24
:10679000102B51EC180B0CF049F94CD29FED730BF8
:1067A00053EC102B51EC180B0CF006F821D2714968
:1067B000B1F936000BF0D5FF41EC190B6D49888E0D
:1067C0000BF0E6FF41EC1C0B53EC182B0CF030F8EF
:1067D00041EC1B0B9FED680B53EC102B0BF03AFEBA
:1067E00041EC1A0B53EC192B0BF080FD41EC180B0C
:1067F0006DE06049B1F92E000BF0B3FF41EC190BCD
:106800005C49888D0BF0C4FF41EC1C0B53EC182B3A
:106810000CF00EF841EC1B0B9FED570B53EC102BBB
:106820000BF018FE41EC1A0B53EC192B0BF05EFD2C
:1068300041EC180B4BE09FED520B53EC102B51EC3D
:10684000180B0CF0F3F821D24A49B1F93A000BF0D9
:1068500088FF41EC190B4749088F0BF099FF41EC79
:106860001C0B53EC182B0BF0E3FF41EC1B0B9FEDC3
:10687000420B53EC102B0BF0EDFD41EC1A0B53ECDB
:10688000192B0BF033FD41EC180B20E03949B1F91D
:1068900032000BF066FF41EC190B3649088E0BF005
:1068A00077FF41EC1C0B53EC182B0BF0C1FF41ECB4
:1068B0001B0B9FED310B53EC102B0BF0CBFD41EC80
:1068C0001A0B53EC192B0BF011FD41EC180B9FED3B
:1068D0002E0B53EC102B51EC180B0BF06DFF0CD260
:1068E0009FED2B0B53EC102B51EC180B0CF09EF87A
:1068F00003D200202849086005E051EC180B0BF08A
:1069000001FF25490860244800682449886224481A
:1069100001780078401C224A10700A2907DA1F48C3
:10692000806A2049096808441E4908600BE01D4838
:1069300000680A2190FBF1F01B490860002018490B
:10694000087018490860BDEC0E8BBDE8F0810000AE
:106950000000000000000000D4010020FD02002023
:1069600004030020000300204C0000200000000071
:106970000088B34040070020000000000088C340AA
:10698000000000000088B3C00000000000408F40FD
:106990000000000000408FC01C020020E003002027
:1069A000FC020020F8020020140200200FB5002194
:1069B000009101910291039100200EE0274931F8E6
:1069C0001010A1F51C511039254A125611440AB273
:1069D000244921F81020411CC8B20128EEDB1F49D0
:1069E0003C39C98FA1F51C5110391D4A0A3A92F958
:1069F0000B2011440AB21B492C39CA85B1F92C105D
:106A0000194A1180194A11800021174A9170174ABA
:106A1000917001201FE01549B1F90020114931F9A9
:106A200010108A4206DA0F4931F810100F4A11800F
:106A3000114688700C49B1F900200A4931F910104B
:106A40008A4206DD074931F81010074A11801146C5
:106A50008870411CC8B20128DDDB0FBD7C07002017
:106A60007E1000200C0400204C0000204800002074
:106A70000EB500210022009201920292002012E045
:106A8000374A32F81020A2F51C52103A354B33F831
:106A900010301A4493B2344A22F8103032F81020E1
:106AA0001144421CD0B20428EADB2D4A121F52883E
:106AB000A2F51C52103A0A442B4B083B5A601A4666
:106AC00012892A4B1A802A4B1A800022274B9A706F
:106AD000274B9A7001201DE0254A1388224A32F87C
:106AE0001020934206DA204A32F81020204B1A80F8
:106AF0001A4690701D4A13881B4A32F810209342A0
:106B000006DD194A32F81020184B1A801A46907088
:106B1000421CD0B20428DFDB164A1278062A0CDAAF
:106B2000124A1288144B1B881A4412B2124B1A8054
:106B3000104A1278521C0F4B1A700E4A1278062A0D
:106B40000CD10D4AB2F90020062392FBF3F20B4B55
:106B50001A800022074B1A70074B1A800EBD0000E6
:106B60004407002088100020E80300204400002093
:106B7000400000200A030020080300201802002023
:106B800070B502461F2901DD002070BD0846CD17F3
:106B900001EB1575C5F30713CD1701EB15752D1115
:106BA000A1EB05156D062C0E52F823000125A5401A
:106BB000284040B152F82300651C0126AE40304009
:106BC00008B90120E1E752F823000125A54028403B
:106BD00040B952F82300651C0126AE40304008B190
:106BE0000220D2E70020D0E7F0B515461F2900DDCE
:106BF000F0BD0C46CE1701EB1676C6F30712CE1782
:106C000001EB16763611A1EB06167606330E7DB132
:106C100050F8224001269E40344340F8224050F86C
:106C200022405E1C0127B740BC4340F822400EE0E2
:106C300050F8224001269E40B44340F8224050F8CC
:106C400022405E1C0127B7403C4340F8224000BF71
:106C5000CEE700002DE9FC4705460F4690461C464E
:106C60004FF00009CA4600260020F849088020702D
:106C70004046B8F1770F72D00EDC722868D006DC7F
:106C800000286DD016280FD071286AD129E0752808
:106C90006FD07628F9D166E07838062861D2DFE82F
:106CA00000F0F5F4F3F293F1DFF8A4A3E9480078DB
:106CB00000F0010090B1552002F074FA01280AD1C9
:106CC00050225146E448FDF74DFC5020DF49088032
:106CD0000020207004E02320207001E02620207096
:106CE000FBE10BF033FA01904FF0FF3000900C21E4
:106CF000DA4805F02BFE0C21D54805F027FE0C21C3
:106D0000D74805F023FE0C21D64805F01FFE0F21C1
:106D1000D54805F01BFE0121CE4805F017FE0421E1
:106D200001A805F013FE0421D04801F057F8CF491F
:106D3000891E0988884204D00421684605F006FEB1
:106D400003E00421C94805F001FE00202070C4E1E1
:106D50005021C24805F0FAFD00202070BDE162E03C
:106D600043E1B4E105E00A2008F078FB0020207040
:106D7000B3E10120B8490870B4480088401CB34909
:106D80000880BB480088C0F30B0040F6AA21884267
:106D900002D020202070A0E1692006F067FA10B927
:106DA0002820207099E1B348B34908600B2008F00F
:106DB00055FBB248B24908600120B2490860002082
:106DC000A5490870207088E10120A34908709F48F8
:106DD0000088401C9D490880A548008840F6CC21C9
:106DE000884202D02020207077E15A2006F03EFA37
:106DF00010B92820207070E1A3489F4908600C203A
:106E000008F02CFBA1489E49086001209D490860BC
:106E10000020914908708D480088401C8B490880EB
:106E20000020207059E100208B4908704870022032
:106E300086490880924800689049884207D0904867
:106E400000689249884202D02020207045E1B7F5C1
:106E5000BC7F02D0022020703FE18A4800680128F0
:106E600005D1A978E87801EB002089490860A97864
:106E7000E87801EB002086490968884207D0212084
:106E800020702AE1D9E0A5E0A0E0B1E03AE029785D
:106E9000687801EB00297B480068814513D0794868
:106EA0000068401E48450BD173480068A0F5BA70D1
:106EB0007149086073480068401E7249086002E02A
:106EC0002120207009E14FF4BA726B480168281D37
:106ED00004F0F2FC6B4800785F490870694800884C
:106EE000000A48706448006800F5BA70624908609A
:106EF00064480068401C6349086000205C490880C1
:106F00002070EAE0002603E0A85D53498855761C0E
:106F1000022EF9DB2978687801EB00205D490860D2
:106F2000574800685549884223D169225948016869
:106F30005748006802F06AF9002055490860692046
:106F400002F030F901280CD100202070411E524877
:106F500004F054FE51484A49086000204449088022
:106F600033E04FF0FF314C4804F048FE23202070FE
:106F70002BE043480068454988421AD15A224548C7
:106F800001684348006802F041F900204049086068
:106F90005A2002F007F9012808D1002020703F484C
:106FA000374908600020324908800EE02320207015
:106FB0000BE0334800683949884204D03048006803
:106FC0003749884201D12720207086E000202070B8
:106FD00006F050FD0BF0BAF83249884202D2002088
:106FE000207001E00720207077E00420207074E01A
:106FF00028780006697800EB0140A97800EB0120B1
:10700000E97808442849086028790006697900EB86
:107010000140A97900EB0120E9790844234908607F
:107020000846008882B2204801680B4804F044FCFE
:107030001E480088054908804FE0134804F036FCDC
:10704000401C10B92520207047E031E06C00002082
:10705000D0410008A80000200E0B0020D00100083D
:10706000D0290108D0110208502D010892F103081F
:10707000AA000020002801089C000020AA55AA555B
:1070800070000020A000002000100208AA5A550A33
:1070900094000020980000208C3E000855555A5A54
:1070A000AAAA5A0A00400008900000208C00002084
:1070B0005A2002F077F8012806D10949094804F05E
:1070C0009DFD0020207001E02320207005E00020BD
:1070D000054908800420207000BF00BFBDE8FC8780
:1070E0005A5A69690C3F00086C00002010B50D4821
:1070F000006800EB4000C0000721B0FBF1F00A4936
:10710000B0FBF1F0400009490860094801F038FE81
:10711000012806D10748007820F00400001D054929
:10712000087010BDDC03002040420F0084000020E6
:1071300000F60208A800002070B502460B4619466A
:1071400018E0002012E032F81060451C32F81550AB
:10715000AE4209DD32F81040451C32F8155022F8D5
:107160001050451C22F81540451CE8B24D1E8542C2
:10717000E9DCE9B20129E4DC70BD70B502460B46DA
:10718000194618E0002012E052F82060451C52F821
:107190002550AE4209D952F82040451C52F82550DE
:1071A00042F82050451C42F82540451CE8B24D1ECF
:1071B0008542E9DCE9B20129E4DC70BD00BFFEE7ED
:1071C0001FB500208DF80A008DF80B0001208DF806
:1071D0000C000020ADF80000ADF80200ADF804008E
:1071E000ADF80600ADF8080001208DF80D006846E6
:1071F00000F002F81FBD000010B50021837A0122C3
:1072000002FA03F13D4A126842F001023B4B1A6058
:107210003A4A1C3212688A43384B1C331A60027B8C
:10722000CAB9364A0C3212688A43344B0C331A609E
:107230004288C38842EA0343304A4032847A42F8A3
:1072400034300288838842EA03432C4A4032847AED
:1072500002EBC4025360027B012A19D1274A0C3287
:1072600012680A43254B0C331A604288038842EAAD
:107270000343224A4032847A42F83430C2888388F9
:1072800042EA03431D4A4032847A02EBC40253604F
:10729000C27A3AB9194A121D12688A43174B1B1D4C
:1072A0001A6006E0154A121D12680A43134B1B1D93
:1072B0001A60028932B9114A143212688A430F4B9C
:1072C00014331A600289012A06D10C4A143212685A
:1072D0000A430A4B14331A60427B012A06D1074A3B
:1072E0001C3212680A43054B1C331A60034A1268A9
:1072F00022F00102014B1A6010BD00000066004040
:107300001FB500208DF80A008DF80B0001208DF8C4
:107310000C000020ADF80000ADF80200ADF804004C
:10732000ADF80600ADF8080001208DF80D006846A4
:1073300000F002F81FBD000010B50021837A012281
:1073400002FA03F13D4A126842F001023B4B1A6017
:107350003A4A1C3212688A43384B1C331A60027B4B
:10736000CAB9364A0C3212688A43344B0C331A605D
:107370004288C38842EA0343304A4032847A42F862
:1073800034300288838842EA03432C4A4032847AAC
:1073900002EBC4025360027B012A19D1274A0C3246
:1073A00012680A43254B0C331A604288038842EA6C
:1073B0000343224A4032847A42F83430C2888388B8
:1073C00042EA03431D4A4032847A02EBC40253600E
:1073D000C27A3AB9194A121D12688A43174B1B1D0B
:1073E0001A6006E0154A121D12680A43134B1B1D52
:1073F0001A60028932B9114A143212688A430F4B5B
:1074000014331A600289012A06D10C4A1432126818
:107410000A430A4B14331A60427B012A06D1074AF9
:107420001C3212680A43054B1C331A60034A126867
:1074300022F00102014B1A6010BD0000006A0040FA
:1074400000B585B06A460021024800F09AFB05B0FD
:1074500000BD0000006800402DE9FC4105460C46D7
:107460001646224890F80480012C18D0022C2CD00B
:10747000042C02D0052C33D11CE01D4F01206021CB
:107480003B460422CDE90010FE21404600F066F89C
:10749000334622462946404600F02CF821E00120E0
:1074A000002133460246CDE90010FE21404600F09F
:1074B00055F816E00120002133460522CDE90010E1
:1074C000FE21404600F04AF80BE00120002133463F
:1074D0000222CDE90010FE21404600F03FF800E016
:1074E00000BF00BF0120BDE8FC8100000C000020AF
:1074F000E00300202DE9F04104460E4615461F46E4
:10750000012C01DABDE8F081042D18D1611E01EBD8
:1075100041010D4A02EB411060220C49FDF767F86A
:10752000601EC1B201220A48FFF75EFB0021601E07
:10753000084A22F810100121074A115400E000BF48
:1075400000BF00BFDEE7000040040020E003002091
:10755000202D0020482F0020B00300202DE9FF4FF0
:1075600087B080469946149C4E464FF0000AD34699
:107570000027002500200190159810B90BB0BDE838
:10758000F08F042C02DC4FF0010A14E0201F0621CA
:1075900090FBF1F201FB120030B9201F90FBF1F0DB
:1075A000401C00F0FF0A06E0201F062190FBF1F0CE
:1075B000801C00F0FF0A142103A8FDF774F81025C1
:1075C0006D0508980544CDF80480DDF804804FEA85
:1075D000082001900198054445F400350395099869
:1075E0008DF81400042C43DD00273EE08DF8157063
:1075F00057B9210A8DF816108DF817403168069199
:10760000361D082004901DE0AAF10100B8420ADDF1
:1076100002A83168CDF81610B188ADF81A10B61D61
:10762000082004900EE0A6EB0900201A00F0FF0BE2
:107630005A4631460DF11600FCF794FF5E440BF1FB
:1076400002000490AAF10100B84202D045F480354E
:1076500001E025F48035039504208DF8080002A987
:10766000002000F047FD781CC7B25745BEDB16E08E
:1076700000218DF81510210A8DF816108DF817408D
:1076800024B12246314606A8FCF76CFF201D049069
:1076900004208DF8080002A9002000F02BFD00BF97
:1076A0006CE7000010B50B4800F0D2FC0948203010
:1076B00000F0CEFC0748403000F0CAFC012106482B
:1076C00007F07CFE0121054807F078FE05F0F6F989
:1076D00010BD0000982D0108B37E0008BD7E000893
:1076E0002DE9F04F8DB0054608AC2E464FF000084E
:1076F0000020029081468246834601900090706887
:1077000020F060406060B07AA060D6F80B00E060C6
:10771000D6F80F002061012061490870207B002805
:1077200037D160496068884233D1607B552830D1B9
:10773000A07B55282DD1E07B55282AD1207C5528C7
:1077400027D1607C552824D1A07C552821D1E07C0C
:1077500055281ED153488030049004208DF80C0029
:107760000820059080208DF81800AA218DF81910A6
:107770008DF81A108DF81B108DF81C108DF81D1047
:107780008DF81E108DF81F1003A9002000F0B2FC28
:1077900082E0A068032809D1207B0A2802D0207B40
:1077A0000B2803D1204605F083FE75E0607B20B9ED
:1077B000207A001FC0B2029003E0207A801EC0B27F
:1077C000029002AA3849204603F03EFE8046B8F1F6
:1077D000000F5ED1607B78B9E17BA07B41EA00209D
:1077E0003249A1F8F6010020A1F8F40104F11007D4
:1077F00001202D49088006E004F10E072A48008880
:10780000401C294908802949B1F8F411274A8818F1
:107810009DF808203946FCF7A5FE2448B0F8F4018D
:107820009DF8081008442149A1F8F401606800F4AB
:10783000803068BB00201C4908806068FDF70EFCA2
:107840001A4981F8F8016068FDF712FC174981F8C0
:10785000F901207B81F8FA01606800F4003038B14A
:10786000084690F8FB0140F0010081F8FB0107E0B9
:107870000E4890F8FB0120F001000C4981F8FB0153
:107880000A48FDF7FBFB4FF4FE710848FCF7E9FEE0
:1078900002E00020044908800DB0BDE8F08F000030
:1078A000B60100200000FF1FC80300204C2D00205F
:1078B00010B504460B48844209D10121480606F060
:1078C00025FB00214FF0007006F020FB08E00121AD
:1078D000880606F01BFB00214FF0806006F016FBC7
:1078E00010BD0000006400401FB501214FF0C060D2
:1078F00006F0FCFA2F48FFF7DBFF2F48FFF7D8FF11
:1079000001A800F02EF900208DF80A0001208DF862
:107910000B0000208DF80C0001208DF80D000020D8
:107920008DF80E0001208DF80F0000208DF8060064
:107930008DF807000D208DF8080002208DF8090051
:107940000420ADF8040001A91B4800F080F80020D5
:107950008DF807000D208DF8080002208DF8090031
:107960000820ADF8040001A9124800F070F8FFF7F4
:1079700027FCFFF7C5FC14208DF8000000208DF8CF
:1079800001008DF8020001208DF80300684606F022
:10799000ADF840208DF80000684606F0A7F80122F7
:1079A0000221044800F04AF801220221024800F0B6
:1079B00045F81FBD006400400068004008B56846F7
:1079C00004F0D7FE01210D2006F0B0FA4FF400605C
:1079D000ADF8000048208DF803006946154804F012
:1079E0003DFE4FF48050ADF8000018208DF80300E4
:1079F00003208DF8020069460E4804F02FFE4FF474
:107A00008050ADF8000048208DF8030069460A4810
:107A100004F024FE4FF40050ADF8000018208DF85B
:107A2000030003208DF802006946034804F016FEA7
:107A300008BD000000080140000C01401AB1436974
:107A40000B43436102E043698B434361704730B5A8
:107A5000024600200023146824F002041460146815
:107A600044F00104146000E05B1C546804F001045D
:107A70001CB94FF6FF74A342F6D1546804F0010418
:107A80000CB900206CE08C79012C04D1146844F00E
:107A90008004146003E0146824F080041460CC793E
:107AA000012C04D1146844F04004146003E014680D
:107AB00024F0400414600C7A012C04D1146844F0C2
:107AC0002004146003E0146824F0200414604C7A4D
:107AD000012C04D1146844F01004146003E014680D
:107AE00024F0100414608C7A012C04D1146844F042
:107AF0000804146003E0146824F008041460CC7ACD
:107B0000012C04D1146844F00404146003E01468E8
:107B100024F0040414608C78A407CD7844EA05644A
:107B20000D7944EA05444D7944EA05540D886D1EEB
:107B30002C43D461146824F001041460002300E095
:107B40005B1C546804F001041CB14FF6FF74A3429F
:107B5000F6D1546804F001040CB1002000E00120CB
:107B600030BD00218171C171017241728172C17297
:107B70008170C170032101710221417101210180D5
:107B8000704710B500F5D87303EB01131B6803F0C1
:107B900004031372137A53B900F5D87303EB01137E
:107BA0001B6840F2FF7404EA5353136009E000F5C8
:107BB000D87303EB01131B686FF0604404EAD3032E
:107BC000536000F5D87303EB01131B6803F0020345
:107BD000537200F5D87303EB01135B6803F00F03D6
:107BE000937200F5D87303EB01135B681B0AD3741F
:107BF00000F5D87303EB01139B68D37200F5D873BB
:107C000003EB01139B681C0A147300F5D87303EB94
:107C100001139B681C0C547300F5D87303EB01131C
:107C20009B681B0E937300F5D87303EB0113DB689D
:107C3000D37300F5D87303EB0113DB681C0A1474CB
:107C400000F5D87303EB0113DB681C0C547400F5CA
:107C5000D87303EB0113DB681B0E937421B9C3685F
:107C600043F02003C36003E0036943F02003036192
:107C700010BD10B502460020936803F08063B3F195
:107C8000806F00D110E0936803F00063B3F1006FE0
:107C900001D1012008E0936803F08053B3F1805FC5
:107CA00001D1022000E00420042874D002F5C07342
:107CB00003EB00131B6803F0010402F5C07303EB30
:107CC00000131C600B7A7BB94B7A0C8843EA44534F
:107CD00002F5C07404EB00142468234302F5C07459
:107CE00004EB0014236010E00B7A4C6843EAC403F1
:107CF0004C7A234302F5C07404EB00142468234338
:107D000002F5C07404EB001423608B7A03F00F03B8
:107D10008B7202F5C07303EB00135B6823F00F0452
:107D200002F5C07303EB00135C6002F5C07303EB54
:107D300000135B688C7A234302F5C07404EB0014D3
:107D400063608B7B1C064B7B44EA03440B7B44EA59
:107D50000323CC7A234302F5C07404EB0014A36020
:107D60008B7C1C064B7C44EA03440B7C44EA0323D3
:107D7000CC7B234302F5C07404EB0014E36002F5EE
:107D8000C07303EB00131B6843F0010402F5C073DA
:107D900003EB00131C6010BD70B503460C460020B9
:107DA00016E0802111E000F080051DB14506280E87
:107DB000504001E04506280E1D780D4005B15040A9
:107DC0000D4601EBD576C6F347010029EBD15B1CCC
:107DD000251EA4F10106F4B2E3D170BD30B5024610
:107DE000002016E012F8015B80EA0520082300BF9E
:107DF00000F400442CB141F2210484EA4004A0B212
:107E000003E04FF6FF7404EA40005C1EE4B2231E58
:107E1000EED14C1E211EE5DA30BD000002460020E6
:107E20000E4B1B68934202D26FF0270015E00B4BFC
:107E3000D3F89032934201D97D200EE0002109E071
:107E4000064B53F82130934203D8A1F1280318B20E
:107E500002E0491CA529F3DB00BF7047682E01082A
:107E6000F0B502460B46158816880024002100272D
:107E7000022B01DC0020F0BD002110E032F81100DF
:107E8000A84201DD32F8115032F81100B04201DA97
:107E900032F8116032F811000444481C81B2994252
:107EA000ECDBA819241A981EB4FBF0F087B2384610
:107EB000E1E710B5002000F007F810BD10B5012073
:107EC00000F002F810BD000070B504460025032C38
:107ED0007EDA04EB44005B4901EB8000C08804EBD0
:107EE0004401584A02EB8101098988420BD10020E4
:107EF00004EB440102EB8101C88004EB440102EB76
:107F00008101088170BD04EB44004E4951F8200006
:107F100004EB44014B4A02EB8101C98801EB81016A
:107F200010F82100D0B904EB4400114651F82000AC
:107F300004EB440102EB8101C98801EB810100EBF4
:107F40008100406804EB84013F4A42F82100002090
:107F500004EB840102EB810108721BE004EB440096
:107F6000384951F8200004EB4401364A02EB810104
:107F7000C98801EB810100EB8100406804EB8401BA
:107F8000314A02EB81014860042004EB840102EBDA
:107F90008101087204EB44002A4951F8200004EBE7
:107FA0004401284A02EB8101C98801EB810100EB01
:107FB0008100007A04EB8401234A02EB810188727C
:107FC00004EB44001F4951F8200004EB440100E099
:107FD00036E01C4A02EB8101C98801EB810100EB0C
:107FE000810004EB8401184A02EB8101C26841F868
:107FF0000B2F0069486004EB8402134B03EB8201F2
:10800000124A02EB44121068FFF733FE0546042DB6
:1080100016D004EB44000B4901EB8000C088401CE3
:1080200004EB4401074A02EB8101898890FBF1F2DD
:1080300001FB120004EB4401024A02EB8101C880FB
:1080400000BF5FE7A41000203C250020982D010808
:108050000179032949DA017901EB4101234A02EB55
:10806000810100220A604A608A60027902EB4202C2
:108070001E4B016943F82210818A027902EB420209
:1080800003EB820291800021027902EB420203EBB2
:108090008202D180027902EB420203EB820211815B
:1080A000017901EB4101124A02EB810100220A60D1
:1080B0004A608A60027902EB42020D4B816943F803
:1080C0002210818B027902EB420203EB8202918043
:1080D0000021027902EB420203EB8202D180027995
:1080E00002EB420203EB820211817047A4100020D0
:1080F000C81000202DE9F04104460D46032C6ADA31
:1081000004EB4400354901EB80000089401C04EB7E
:108110004401324A02EB8101898890FBF1F201FBB4
:10812000120086B204EB44002C4901EB8000C088A9
:10813000B0424ED0287804EB4401284A52F821106E
:1081400004EB4402254B03EB8202128902EB82020C
:1081500001F8220004EB44011A4652F8211004EB06
:10816000440203EB8202128902EB820201EB8201DC
:108170006868486004EB440153F8211004EB4403A1
:10818000164F07EB83031B8903EB830301EB83018A
:1081900001F10C0005F10C01AA68FCF728FA04EBC8
:1081A00044013A4652F8211004EB44023B4603EBEB
:1081B0008202128902EB820201EB8201A8688860C8
:1081C00004EB4400194601EB800006810120BDE864
:1081D000F0810020FBE70020F9E70000A410002058
:1081E000F0B504460027002600BF614800684FF440
:1081F000616148434FF47A7190FBF1F544BB002074
:108200005C4908705C480078022803D15B485C49EF
:10821000086006E058480078012802D159485849BA
:1082200008605948008818B958480088564908809D
:10823000534801685448008800F03AFB07464C4810
:108240000068784300EBC00080005149086008E0F6
:10825000022C06D10220474908704E4800684C495C
:1082600008604B4800684C490968401A4B4908604F
:10827000002C52D105EB850080000968884203DAA2
:108280000120474908700FE06FF01300684343492D
:108290000968884203DD02204149087004E000209B
:1082A0003E4908603E4908703D48007800285ED08D
:1082B00037480068242190FBF1F02D490968B0FB94
:1082C000F1F686B1052E0ED85A203649087042F2D2
:1082D0006070354908800120344908704AF6C000B2
:1082E0003349088043E00F2E0BD250202D490870EF
:1082F00042F260702C4908804AF6C0002C49088080
:1083000035E046202749087042F26070264908800F
:108310004AF6C0002649088029E0022C27D105EB47
:10832000850040001D490968884203DA01201C4984
:1083300008700FE06FF00900684318490968884227
:1083400003DD02201649087004E00020134908608C
:10835000134908701248007848B15A201149087032
:1083600042F2607010490880012010490870F0BD89
:1083700014000020A001002087010020302E0108F9
:1083800084020020F82D0108720100204400002022
:1083900098010020A4010020880100209C010020F9
:1083A000A8010020740100207C0100207E01002033
:1083B00080010020F0B500230021002400220020CD
:1083C0000025704E367806B9F0BD6F4EB66A002EA5
:1083D00002DB6D4EB36A02E06B4EB66A73420BB9B4
:1083E000502202E00326B3FBF6F2664E3678022EE8
:1083F00078D1654EB66A002E01DD114677E0624EF7
:10840000B66A624FBE4235DD614E3668614F3F68E5
:10841000F019614E366806EBC60606EBC606B0EBF1
:10842000860F01D9092511E05B4E366806EB8606FA
:1084300006EBC606B0EB860F01D9052506E000263F
:1084400006EBC606B0EB860F00D90025524E366803
:108450006E4306EBC606A0EB86064FF47A77B6FBB2
:10846000F7F44C4E36687642B6FBF4F191423EDAB0
:1084700011463CE0444EB66A7342454E3668454F5D
:108480003F68F019444E366806EBC60606EBC60692
:10849000B0EB860F01D9092511E03F4E366806EB97
:1084A000860606EBC606B0EB860F01D9052506E069
:1084B000002606EBC606B0EB860F00D90025364E27
:1084C00036686E4306EBC606A0EB8606B6FBF3F4F1
:1084D000304E36687642B6FBF4F1914207DA114627
:1084E00005E0FFE7274E3678012E00D11146254ED4
:1084F0003678022E13D1264E3668761A244F3E6007
:10850000244E36680E44234F3E603E463668002EA9
:1085100035DB00261B4F3E701E4F3E602FE0194E8C
:108520003678012E2BD1184EB66A46B3164EB66A6F
:10853000002E11DA194E36684FF461677E436427C6
:10854000B6FBF7F6124F3F68BE4205D9114E3668AA
:10855000F61A104F3E6009E00D4E36680E440C4F7F
:108560003E600C4E3668761A0A4F3E60094E3668F9
:10857000002E04DC0026034F3E70064F3E6000BF15
:1085800022E70000A8010020E003002048F4FFFFDC
:10859000880100209C010020140000209001002090
:1085A00070B5002600250024574800F01DF900F0A2
:1085B000C5F818B900205549088070BD54480068B6
:1085C000B0F57A7F79DA5248006810F57A7F74DD69
:1085D000504800884C4909888842F3DA00204E4907
:1085E00008704E4800684E49096888420CD94B48CB
:1085F00000684B490968401A4A494968434A128849
:1086000000FB012041490880444800684449086053
:108610003E480088B0F5616F54DD43480078032878
:108620000CDA4248008842493F4A127821F8120089
:108630003D480078401C3C49087043E000203A491E
:10864000087003213A48FEF777FD39488188008891
:10865000401D814232DA002505E0354830F815002A
:108660000644681CC5B2032DF7DB0320B6FBF0F00F
:1086700084B23048008810B92E48048022E02D488A
:108680000088001D84420ADA201D2A490988884290
:1086900005DD0020284908702648048012E026489D
:1086A00001780078401C244A107014290ADD00204B
:1086B000114608701F48048004E015E01B4800883C
:1086C0001C490880114801880088401C0F4A10800E
:1086D000B1F5E15F15DD002011460880FFF780FD50
:1086E0000020144908800CE00B4801780078401CF9
:1086F000094A10700F2904DD002011460870034953
:10870000088000BF59E70000960200209802002070
:1087100014020020180200209A020020C801002044
:10872000CC0100208C0700209B0200204400002088
:10873000582C0020720100209C0200202148007863
:10874000012801D1002070471F48008840F6F841F9
:10875000884202DD00201D4908801C48008830B195
:108760001A480088401E194908800020EBE7184885
:10877000007888B917480078D8B11748007810B940
:1087800016480078A8B1012011490870002014494A
:108790000860104908700CE00D480078012808D1E5
:1087A0001048008840F6E441884202DD0020084974
:1087B000087007480078012801D10020C3E7012094
:1087C000C1E7000087010020440000208001002054
:1087D00094020020A8010020EF010020ED010020FC
:1087E0009C010020180200202B49097802291AD187
:1087F0002A49B1F85010012911D129490A7809787C
:10880000491C274B1970052A2BDD0121224A1170C2
:1088100000211A4611702349498E018021E0002170
:108820001F4A11701DE01C490978012919D11B4903
:10883000B1F85010022911D119490A780978491C58
:10884000174B19700F2A0CDD0221134A11700021F9
:108850001A4611701449498E018002E00021104A25
:1088600011700D490978012912D110490A88098827
:10887000491C0E4B1980B2F5615F0CDD0221064ADE
:1088800011700949498E018000211A46118002E0C9
:108890000021064A1180704787010020E003002074
:1088A00090020020F82D0108302E010892020020CD
:1088B00010B502460B461920002108E033F811409C
:1088C000944202DD4C1CE0B203E04C1CE1B21929D9
:1088D000F4DB00BF10BD000070B506460024002583
:1088E000F848007800B170BDF74800684FF4616146
:1088F00090FBF1F00A2190FBF1F0F4494887F4482D
:1089000000680A21B0FBF1F0F049C886F148006820
:108910000A21B0FBF1F0ED490887EF48007890B1EB
:108920000846806AB0F5FA6F0DDCEC48007850B963
:108930000420A1F850000846C06B20F00400C86372
:108940000120E6490870E648007818B9E348007845
:1089500000287DD0DD48C06B40F00800DB49C863CB
:10896000E0480078002874D10120DE490870DE4814
:1089700000684FF4616190FBF1F4DC484068D34932
:10898000496D48436421B0FBF1F5D8484068A042E6
:1089900020D8D7480068E8B9D648D5490860CD48FE
:1089A0000460D2484068C0EB0010C0EBC0006421F6
:1089B000B0FBF1F0C749096888423DD8CB48406810
:1089C000C0EB0010C0EBC0006421B0FBF1F0C14966
:1089D000086031E0C5484068B4EB900F2CD9C4481A
:1089E000006848BBB948806DB0F5FA7F24D3C14810
:1089F000BF490860C0480078C0F16400B549096803
:108A00004843BD49097804FB01006421B0FBF1F043
:108A1000B0490860B548406880000521B0FBF1F01E
:108A2000AC490968884207D9B048406880000521F0
:108A3000B0FBF1F0A74908600020B04908800A2087
:108A4000AD490870A34800684FF46161484301E0F4
:108A500055E07DE0A44908609E4800689C49086094
:108A600064209A49A1F85200A548007828B3002054
:108A7000A349087097480068642148439B494968A6
:108A8000B0FBF1F0914948659E484088401C9D49E3
:108A900048808E48406D692803D369208B4948651A
:108AA00029E08A48406D642808D38848406D6928C9
:108AB00004D28648406D854948651CE08348406D76
:108AC000642811D28148406D50280DD97F48806DAF
:108AD000B0F5FA7F04D37D48406D7C4948650AE0D3
:108AE00064207A49486506E07848406D502802D8ED
:108AF000502076494865002083490870A9E08348E2
:108B0000007810B98248007818B3824800780028AD
:108B1000F4D17D4801780078401C7B4A107005290B
:108B200016DD01207B490870002011460870684955
:108B300008606649A1F852006B490860012070493D
:108B4000087064206C49087042F260706B490880BC
:108B50007FE000206C490870624908706D49087018
:108B60005A48C06B20F008005849C863594800684B
:108B70004FF4616148436421B0FBF1F05A49096840
:108B800088420BD9534800684FF46161484364211F
:108B9000B0FBF1F0401C544908601CE053480068E9
:108BA0004FF43471484300EB40000121C1EB400019
:108BB0004D49096888420AD24C4800684FF4347124
:108BC000484300EB400040004749086003E0464846
:108BD000006845490860444800684FF4616190FBB3
:108BE000F1F03B4908600846006864214843394970
:108BF0000968B0FBF1F03549A1F852000846B0F819
:108C00005200632802DB6320A1F852002F48B0F81D
:108C10005200012803DC01202C49A1F852002B4806
:108C2000B0F852002B490968484300EBC0002E49B8
:108C30000968A1EB800038498860084680682549AA
:108C4000096801EBC1018900884202D9002032493C
:108C500088601E48B0F852002F4908801B48406DBC
:108C600048601A48B0F85200142810DA2B480078EF
:108C7000401CC0B22949087005280BDD002008708F
:108C80001248006C40F480501049086402E0002053
:108C9000224908700D48B0F85200192808DD00205C
:108CA0001E4908700948006C20F480500749086488
:108CB0000648B0F85200022832DA0121052005F0FA
:108CC00075FF36E0BB0100209C010020E00300207E
:108CD00094010020900100200702002008020020DB
:108CE000EA010020800200208801002014000020FA
:108CF0007801002080F40300740100207C01002032
:108D00007E010020240000207F020020EF010020CF
:108D1000ED01002081020020180800207E020020C2
:108D20000548B0F85200192803DD0021052005F0A0
:108D30003DFF00BFD7E50000E003002000B50D486F
:108D40000078401CC0B20B490870282811DB0020B5
:108D5000087009480068094909680844064908601C
:108D6000FFF728FB04480068002802DA00200249C7
:108D7000086000BD8202002088010020140200204B
:108D800070B5ADF5006D05460126F1026846FBF7AA
:108D90008AFC002400BF05E0281902F083FD0DF8CD
:108DA0000400641CB4F5006FF6DB25F0FF0004F04E
:108DB00050FA012E09D125F0FF0004F04AFA0024F0
:108DC00000E0641CB4F5006FFBDB30460DF5006D70
:108DD00070BD000010B50446D948007800B110BD40
:108DE000D848C07CC0F3830050B1D648C07CC0F3E3
:108DF000400028B1D448806C40F00100D24988641A
:108E0000D14890F8480000F0020018BBCF48B0F9F4
:108E1000000010F1280F04DDCD48B0F900007D28D6
:108E200014DB0020CB490870CB480078401CC0B24E
:108E3000C9490870112829DDC348806C40F0020040
:108E4000C14988640020C44908701FE00020C2495D
:108E500008701BE0BD48B0F9000010F1230F15DBCE
:108E6000BB48B0F90000782810DCBA480078401CF4
:108E7000C0B2B8490870112808DDB348806C20F0F2
:108E80000200B14988640020B2490870AE4890F8E9
:108E9000480000F00400F0B9B0480078B8B9AA481A
:108EA000806A41F28831884211DDAD480078401C6B
:108EB000C0B2AB490870112810DDA348806C40F0A7
:108EC0000400A14988640020A549087006E000203C
:108ED000A349087002E00020A14908709A4890F860
:108EE000480000F00800E8B99E480078B0B99648FC
:108EF000806A9D49884211DA9C480078401CC0B2C3
:108F00009A490870112810DD8F48806C40F00800E5
:108F10008D49886400209549087006E00020934937
:108F2000087002E0002091490870874890F84800D6
:108F300000F0100068BB8348C07CC0F3400040BB19
:108F40008B4801888B48008800F2DC5081420ADCA3
:108F50008848008840F2DC51884204DB844800885D
:108F6000B0F57A6F11DD84480078401CC0B28249A8
:108F70000870112835DD7448806C40F0100072498B
:108F8000886400207C4908702BE000207A49087032
:108F900027E078480088B0F5E16F1FDD744800884D
:108FA00040F67461884219DA714801887148008876
:108FB00000F57A70814211DA70480078401CC0B226
:108FC0006E49087011280CDD5F48806C20F010009D
:108FD0005D49886400206949087002E00020674903
:108FE00008705948806C00F4003048B96448007833
:108FF00038B35548806C40F400305349886420E011
:109000005C480088B0F5E16F10DD5948008840F6F3
:10901000746188420ADA564801885648008800F58B
:109020007A70814202DA002055490870544800786D
:1090300038B94548806C20F400304349886406F014
:10904000E7FD4148806C00F4002048B94D480078A5
:1090500078B13D48806C40F400203B49886408E0CA
:109060004848007828B93848806C20F400203649F8
:1090700088643548006C00F48030D8B93248806D7F
:1090800041F28831884204D83F48C0683F4988424D
:1090900009D92D48006C40F480302B490864012028
:1090A0003B49087012E02848006C20F480302649C3
:1090B00008640BE02448806D41F28831884205D273
:1090C0002148006C20F480301F4908643048007843
:1090D00048B12F48807830B11B48806C40F48070D4
:1090E0001949886405E01848806C20F4807016499E
:1090F000886428480078E8B91348806C26490840FD
:10910000A0B91148B0F8440000F4004070B92348F9
:109110000078401CC0B22149087006280DDD0120EE
:109120001C49087000201D49087006E000201B49FA
:10913000087002E000201949087000BF4FE60000E7
:10914000BB01002074100020E00300204C00002030
:1091500048000020760200207502002070010020E7
:10916000770200207101002078ECFFFF78020020D8
:109170004000002044000020790200207A020020F4
:10918000FB010020FF0100209808002000EC5E0099
:10919000D8080020FA0100201F000F007B020020E9
:1091A000704700002DE9F041074600BF0026384611
:1091B00008F098FF1248006804F0E0FC4FF4BA7120
:1091C00000FB01F515B1B5F5A03F02D90020BDE8BF
:1091D000F081002407E00B490968081902F062FBDE
:1091E000304486B2641CAC42F5D307480068FBF7F4
:1091F000A1FDB04201D10120E9E70020E7E700002E
:10920000B4000020B8000020B000002070B5044673
:109210000E461546284608F065FF214604480068BA
:1092200002F0ECFC31460348006802F0E7FC70BD38
:10923000B4000020B000002010B504466E4800784D
:1092400000B110BD6D4A9188106803F09AFA0028A9
:1092500049D16B480078401C69490870084600787D
:10926000032814DD08460078142810DC0120654925
:1092700008706548806C20F0800063498864002095
:1092800062490870624908706249087080E05C4871
:109290000078142816DD5A4800781E2812DC0120B8
:1092A0005D4908705B4908705748806C40F0800049
:1092B000554988640120554908700121022005F0B4
:1092C00075FC65E04E4800781E2861DD012050499C
:1092D0000870504908703420494908700121022063
:1092E00005F064FC54E000204549087045480078CA
:1092F00080B30020434908704348B0F8440000F4AC
:109300008060B0F5806F26D144480088401C4349F6
:10931000088008460088012801D14149087040486A
:109320000078B8B13D48008802281BD13D4800882C
:10933000322817DA01203C4908703348C06B40F4EA
:1093400000703149C86300203549087033490880EE
:109350003449088006E00020314908702F49088010
:10936000304908802E48007878B12E480088401C8B
:109370002C49088008460088642809DD0020088000
:10938000274908702549088002E000202549088007
:109390001F48007828B11C48806C40F080001A49B2
:1093A0008864194890F8480000F0800080281DD19A
:1093B00001201E49087015480078D0B91C48008863
:1093C000401C80B21A49088040F6B831884210DD4E
:1093D0000D48806C20F080000B49886400201549FE
:1093E00008700C4908701249088002E000201049FA
:1093F000088000BF25E70000BB0100201801002005
:10940000AE020020AB020020E0030020B6020020E4
:109410000E020020B8030020AC020020B40200209D
:10942000AD020020B2020020D50100200102002080
:10943000B00200201203002070B505460024F84851
:10944000007800B170BDF748007828B1F548007881
:10945000401EF449087002E02846FFF7A1FEF248DA
:10946000007800284ED0F148007800284AD1F04812
:109470000078002846D1EF48806C002842D1EE48A1
:10948000007800283ED1ED48007800283AD1EC4819
:109490000078B0BBEB48007898BBEB48007880BB05
:1094A000EA48007868BBEA48007850BBE948007891
:1094B00038BBE948007820BBE848007808BBE8489A
:1094C0000078F0B9E7480078D8B9E7480078C0B923
:1094D000E6480078A8B9E648007890B9E5480078F1
:1094E00078B9E548007860B9E448007848B9E448BC
:1094F000007830B9CF48C06B20F04000CD49C86338
:1095000012E0FFE7CB48B0F85000022806D1C94866
:10951000C06B20F04000C749C86305E0C548C06B78
:1095200040F04000C349C863BF48007898B3BF48C3
:10953000007880BBBE48007868BBBE48806C50BBDA
:10954000D048007838BBD048007820BBCF4800789E
:1095500008BBCF480078F0B9CE480078D8B9CE48DB
:109560000078C0B9CD480078A8B9CD48007890B946
:10957000CC48007878B9BE48007860B9BD4800781A
:1095800048B9BF48007830B9AA48C06B20F08000C5
:10959000A849C86312E0FFE7A648B0F850000128C8
:1095A00006D1A448C06B20F08000A249C86305E042
:1095B000A048C06B40F080009E49C8639D4890F869
:1095C0003C0000F04000402802D124F0010401E0FA
:1095D00044F00104974890F83C0000F08000802897
:1095E00002D124F0020401E044F00204AE48007805
:1095F000844206D0204606F05BFB0020AB49087091
:109600000CE0AA480078401CC0B2A849087009289C
:1096100004DD00200870204606F04AFBA2480470D2
:10962000A048007800287AD0A148007828B9A1483D
:10963000007810B901209E4908709E4800780028E3
:1096400074D101209C4908709C480088401C9B49AB
:1096500008809B4801780078401C994A10700129C5
:1096600064DD02201146087094480088022816DD47
:1096700092480088052812DA6E480068B0F5FA6F43
:1096800054D2002008708D49088001208949087053
:1096900000208949087001208A49087046E08748FF
:1096A00000880A2813DA6348006841F2883188424A
:1096B0003CD90020824908708049088001207D49FA
:1096C000087000207C49087006F0A2FA2EE07B4862
:1096D00000880F2812DA57480068B0F5FA5F25D3E2
:1096E0000020774908707549088001207149087089
:1096F00000207149087006F08BFA17E000207049CD
:1097000008706E49088001206A49087000206A4983
:1097100008706C49087006F07BFA07E0FFE700204C
:109720006449087064490870644908803E480078BC
:10973000F0B33E480078D8BB3D480078C0BB3D48F8
:10974000806CA8BB3C48007890BB3C48007878BB54
:109750003B48007860BB3B48007848BB3A480078FB
:1097600030BB3A48007818BB3948007800BB39480C
:109770000078E8B93B480078D0B93C480078B8B9DF
:109780003B480078A0B93B48007888B93C4800784D
:1097900070B93348007810B92F48007810B14A48A2
:1097A000007850B13048007838B93348007800E08C
:1097B00012E088B14548007870B93048007858B94F
:1097C000434A9188106802F0F0FF1A48C06B40F0DD
:1097D00010001849C86319E03748007858B13C4A6E
:1097E0009188106802F0E1FF1248C06B40F0100051
:1097F0001049C8630AE0364A9188106802F0D3FF26
:109800000C48C06B20F010000A49C8632A48007851
:1098100028B1304A9188106802F0C7FF6DE05BE024
:10982000BB010020B9020020FA0100200102002043
:10983000F9010020E0030020EA010020E9010020F6
:10984000E7010020E5010020E3010020DF01002006
:10985000DB010020E0010020F4010020F0010020E5
:10986000F20100200B0200200D020020FB0100206D
:10987000FF01002000020020050200200802002055
:1098800010020020EF010020ED010020F701002070
:10989000E2010020DD0100200C020020FC0100207C
:1098A000FE010020FD010020BA020020BB020020C2
:1098B000D8010020BE02002003020020BC020020CC
:1098C000C002002004020020BD010020060200208A
:1098D000F0000020F8000020094A9188106802F08A
:1098E00059FF28B1074A9188106802F05EFF04E032
:1098F000044A9188106802F056FF00BFA2E50000FC
:10990000F0000020F80000205949097801B17047A3
:109910005849496843F2B06291422CD95549896A45
:10992000002928DB5349896A41F28832914222DAC0
:1099300051490978F9B151490A780978491C4F4BC6
:109940001970142A36DD4E49097871B94D490978E4
:1099500059B901214B4A117000214B4A11804549E8
:10996000C96B41F00401434AD1630021474A117099
:10997000424A11701EE00021404A117041490978A5
:1099800039B142490978491CC9B2404A11700529C8
:1099900002DC3C49097869B900213A4A11703A4A17
:1099A00011803449C96B21F00401324AD16300218E
:1099B000364A11703349097881B133490988491C05
:1099C00089B2314A11800A290BDB00212D4A11701E
:1099D0002D4A118001212A4A117002E000212A4AF1
:1099E00011802B49097829B92A49097811B92A49DE
:1099F0000978A9B11F49B1F85010022910D00121EE
:109A0000264A117000211F4A11701F4A118004213B
:109A1000184AA2F850101146C96B21F00401D16315
:109A20001449B1F85010022908D01C49097891B1A5
:109A30001B49098840F6055291420CDA0021174A69
:109A40001170104A1170104A11800A49C96B21F037
:109A50000401084AD16312490988124AD28E914200
:109A600004DA0021064A11700F4A117000BF4EE758
:109A7000BB010020E003002070010020A6020020AE
:109A800007020020EB010020A8020020AA0200200B
:109A9000E7010020E5010020E3010020EA010020A9
:109AA000400000208C07002008020020002002490E
:109AB00008810249088070473C0C00206C0000209F
:109AC00010B500F001F810BD00B5A3B000204B495F
:109AD00008808870C870087148718871C871012049
:109AE0008860C8600020086148618861C8610862B8
:109AF00048628862C862086348638863C86308462E
:109B000000693F49C8653D484069886540213B4838
:109B1000FEF764F9229002A84023384A02210090FF
:109B200022A803F0CDFF4222364902A801F0C4FE6C
:109B3000002035490870C870487048608860887097
:109B400008734873C88110212F48FEF747F9229007
:109B500002A810232C4A0221009022A803F0B0FF93
:109B600012222849603102A801F0A6FE19202749D7
:109B700008806420486000208860C8601021234865
:109B8000FEF72CF9229002A81023204A022100900F
:109B900022A803F095FF12221A49203902A801F0E9
:109BA0008BFE1A4800881649A1F8520017484068F1
:109BB00048650846406D1649496848436421B0FB32
:109BC000F1F014490860114800880968484364218D
:109BD000B0FBF1F0104908600C4880680968C1EBDF
:109BE0004112C2EB012100EB01100C49086000207A
:109BF0000B490880488023B000BD00009808002071
:109C0000E003002020F20308D808002018080020F4
:109C10001400002090010020940100208801002001
:109C2000240000202DE9F0410746002400250026ED
:109C30002F48007808B1BDE8F081002006F0D0FA86
:109C4000012804D0012006F0CBFA012800D1F2E768
:109C500028480089012821DD00241BE021462648F0
:109C6000FCF78EFF012813D1244830F81400401C63
:109C7000224921F81400084630F814000A2807DDAC
:109C80003D2021F81400002221461B48FCF7ACFFC0
:109C9000601CC4B217480089A042DFDC1848017874
:109CA0000078401C164A10701E291FDD0020114646
:109CB0000870002509E029460F48FCF761FF0128DC
:109CC00001D1701CC6B2681CC5B20A480089A842FE
:109CD000F1DC08480089B04203D1002005494881E1
:109CE00004E004480089801B0249488100BFA2E7C4
:109CF000BB01002028080020202D0020482F002034
:109D0000A00300202DE9FC41064688460025346862
:109D100027794146384602F029F808B9BDE8FC81A8
:109D20005D48007808B1082500E00725402F79D06C
:109D30001BDC0C2F51D009DC0C2F6AD2DFE807F0B6
:109D4000A83135A8A8A8A8A8393D4549262F65D02F
:109D500006DC0D2F4BD0112F33D0202F59D159E0D5
:109D6000272F4DD0282FF9D14EE0592F6BD00EDC84
:109D7000512F65D006DC422F58D0452F5AD0472F9F
:109D8000ECD15AE0552F5CD0572FE7D15AE0A7F11C
:109D9000600007287CD2DFE800F0577B736B6F7B95
:109DA000770001203D49087073E000203B490870AE
:109DB0006FE0601905F024F86BE0601904F0CCFE48
:109DC00067E0601905F028FB63E000203449087063
:109DD0005FE00120324908705BE0002031490870E3
:109DE00001203149087000203049087051E00120FD
:109DF0002C4908702C49087000202C49087048E054
:109E000001202B49087044E000202949087040E0F7
:109E100008E03DE0601905F0A5FB3AE0601905F0A7
:109E200049FA36E0601905F0D5F932E0601904F01E
:109E3000D5FE2EE0FFF748FE2BE0FFF741FE28E0BD
:109E400027E026E025E024E01A48007878B90120D0
:109E50001849087018490870009042F210730022E7
:109E600011460190154804F0FDFE1549087010E0F8
:109E7000601904F091FE0CE001201249087008E01E
:109E8000601904F081FF04E0601905F0F3F900E0C7
:109E900000BF00BF00BF41E71703002010030020F0
:109EA0000B0200200C0200201A03002019030020DE
:109EB0000D02002012030020B803002011B5000895
:109EC000080000201303002070B504460D46064824
:109ED000844202D103F010FA04E00448844201D124
:109EE00003F0F6F970BD0000005800400054004037
:109EF00070B504460D4600268D480089012827DDEF
:109F000020783F280ED1032D0CDD012089490870EF
:109F10008948007989490870E079097888421ED01B
:109F2000092070BD207800280DDB20788049098940
:109F3000884208DC032D06DD00207E490870207869
:109F40007E4908700BE000207A4908700920E8E794
:109F500020787A490978884201D00920E1E7082D64
:109F600006DBA078617840EA0120001DA84201D0FC
:109F70000120D6E7E078012801D00320D1E720783E
:109F800038B120783F286ED1E0796B490979884251
:109F9000F9D101206A4908702079672877D2DFE873
:109FA00000F07634353738393B3C5E603E3F404107
:109FB000767642637636763D3A767676767676763D
:109FC0007676657676434445674748467676767674
:109FD0007676577676767676767676767676767640
:109FE000767669496B4A4B4C6D4D5C4E767676764B
:109FF00076764F507676515253545556767676761D
:10A000007676585A7270595B740000BF00BF00BF6B
:10A0100000BF00BF00BF00BF00BF00BF00BF00BF48
:10A0200000BF00BF00BF00BF00BF00BF00BF00BF38
:10A0300000BF00BF00BF00BF00BF00BF00BF00BF28
:10A0400000BF00BF00BF00BF00BF00BF00BF00BF18
:10A0500000BF00BF00BF00BF00BF042619E05026AC
:10A0600017E0902615E015E0222612E00C2610E0FD
:10A070000C260EE014260CE00C260AE0062608E06A
:10A0800005E0082605E0082603E00C2601E0042090
:10A0900047E71BE0207826490989884216DC2079A9
:10A0A00013280CD004DC012807D002280BD105E0CE
:10A0B000302806D0482806D102E000BF00BF00BF0C
:10A0C00000BF042601E004202BE700BF20783F28D2
:10A0D00011D1A078617840EA0121701C814208D139
:10A0E000E079184908700846007801280BDA022048
:10A0F00017E7022015E7A078617840EA0120B04216
:10A1000001D002200DE76079552802D1A079AA2854
:10A1100001D0052005E7A91E601C02F003FC691EA2
:10A12000615C884201D00620FBE60020F9E60000D1
:10A1300028080020170300200C000020180300202E
:10A14000B50100201603002010B50446FE48007833
:10A1500000B110BDFD4890F8400000F04000E8B9A3
:10A16000FA48806AFA49096D884213DDF948007897
:10A17000401CC0B2F749087050281EDB0020087050
:10A180000120F5490870F148006C40F04000EF49AB
:10A19000086412E00020EF4908700EE0EB48806A86
:10A1A000EB49496D884208DA0020EB490870E7481E
:10A1B000006C20F04000E5490864E44890F8440051
:10A1C00000F0400000287DD1E048806AE3498842E1
:10A1D0002ADDE3480088401CE1490880E148008806
:10A1E000401CE0490880E0480088401CDE490880A7
:10A1F000DE480088401CDD490880084600880828A1
:10A2000011DD0120DA4908700020D5490880D549C0
:10A210000880D5490880D5490880CC48406C40F07A
:10A220004000CA49486487E0C848806AD1498842EA
:10A2300029DDCB480088401CC9490880C9480088EE
:10A24000401CC8490880C8480088401CC64908808E
:10A250000020C6490880C8484088801EC249098835
:10A26000884269DA0120C24908700020BC49088090
:10A27000BC490880BC490880B448406C40F04000AC
:10A28000B249486458E0B148806ABC49884224DD3C
:10A29000B3480088401CB2490880B2480088401C7E
:10A2A000B04908800020B0490880B0490880AD4816
:10A2B0000088B0F5957F3FDD0120AD490870002092
:10A2C000A74900E039E00880A64908809F48406C13
:10A2D00040F040009D4948642EE09C48806A9C49BB
:10A2E000896D88421FDD9E480088401C9C4908807B
:10A2F00000209C4908809C4908809C4908809E4811
:10A300000088801E96490988884215DA01209849FC
:10A3100008700020924908808C48406C40F0400052
:10A320008A49486408E000208D4908808D490880EA
:10A330008D4908808D49088015E09148007890B1DA
:10A340000020874908808749088087490880874915
:10A350000880874908708A4908707C48406C20F062
:10A3600040007A4948647948406C00F4803088B1F4
:10A370008448007870B100208349088083490880B0
:10A38000834908707F4908707048406C20F4803021
:10A390006E4948646D4890F8400000F08000E8B9CC
:10A3A0006A48806A6A49C96D884213DA7948007838
:10A3B000401CC0B27749087050281EDB002008708E
:10A3C0000120754908706148006C40F080005F49C9
:10A3D000086412E000206F4908700EE05B48806A54
:10A3E0005B49096E884208DD00206B4908705748B8
:10A3F000006C20F0800055490864544890F84400EF
:10A4000000F08000002879D15048806A6349884272
:10A4100038DA63480088401C614908806148008838
:10A42000401C6049088060480088401C5E490880E4
:10A430005E480088401C5D4908805D480088401CDB
:10A440005B4908805B480088401C5A4908800846E0
:10A450000088082815DD0120574908700020504960
:10A460000880504908805049088050490880504968
:10A470000880504908803548406C40F080003349DE
:10A48000486466E13148806A4C49884237DA44487A
:10A490000088401C4249088042480088401C4149CD
:10A4A000088041480088401C3F4908803F48008898
:10A4B000401C3E4908803E480088401C3C490880BA
:10A4C00000203C4908803A4800886228D9DD0120F4
:10A4D00039490870002032490880324908803249E1
:10A4E000088032490880324908803249088017487C
:10A4F000406C40F08000154948642AE12AE1134885
:10A50000806A2F49884275DA25480088401C244912
:10A51000088024480088401C22490880224800887E
:10A52000401C2149088021480088401C1F490880A0
:10A5300000201F4908801F4908801C48008840F2FD
:10A54000562188429DDD3DE0BB010020E003002054
:10A550008C07002046020020F3010020801A06002C
:10A56000480200204A0200204C0200204E02002037
:10A57000F4010020E09304001C000020400D0300C3
:10A58000F5010020F10100205E02002060020020A1
:10A59000F001002050020020F601002040D8F6FF14
:10A5A00052020020540200205602002058020020CF
:10A5B0005A0200205C020020F7010020C081FAFF4F
:10A5C0008056FCFF0120FE4908700020FD490880EC
:10A5D000FD490880FD490880FD490880FD49088043
:10A5E000FD490880FD48406C40F08000FB4948640C
:10A5F000AFE0FFE7F948806AF949884232DAF1486A
:10A600000088401CEF490880EF480088401CEE4954
:10A610000880EE480088401CEC4908800020EC4986
:10A620000880EC490880EC490880E848008840F23E
:10A63000AE418842DCDD0120E14908700020E1499B
:10A640000880E1490880E1490880E1490880E14942
:10A650000880E1490880E148406C40F08000DF4913
:10A66000486476E0DD48806ADE49884230DAD548C1
:10A670000088401CD3490880D3480088401CD24938
:10A6800008800020D1490880D1490880D14908803C
:10A69000D1490880D448C088801ECB4909888842A7
:10A6A00057DA0120C64908700020C6490880C6490B
:10A6B0000880C6490880C6490880C6490880C6493E
:10A6C0000880C648406C40F08000C449486440E0BF
:10A6D000C248806AC549496E88422DDAB948008867
:10A6E000401CB84908800020B7490880B749088055
:10A6F000B7490880B7490880B7490880BA488088B8
:10A70000801EB0490988884223DA0120AC490870CC
:10A710000020AC490880AC490880AC490880AC49AD
:10A720000880AC490880AC490880AC48406C40F0D7
:10A730008000AA4948640CE00020A2490880A24990
:10A740000880A2490880A2490880A2490880A2493D
:10A75000088019E0A6480078B0B100209849087038
:10A760009849088098490880984908809849088045
:10A7700098490880984908809D4908709748406C1E
:10A7800020F08000954948649448406C00F48000B3
:10A7900048B99848007878B19048406C40F48000FF
:10A7A0008E49486408E09348007828B98B48406C8B
:10A7B00020F48000894948648848B0F8440000F4D7
:10A7C000804048B98C48007890B18448406C40F48F
:10A7D0008040824948640BE08748007840B97F4850
:10A7E000406C20F480407D49486400208349087013
:10A7F0008348007820B182480078401E8049087064
:10A800007F48407820B17E484078401E7C4948709F
:10A810007C4801780078401C7A4A107009297DDB59
:10A8200000201146087078480078B0B17748008859
:10A83000401C80B2754908801D2804DA6748806A88
:10A8400010F57A7F0EDA00207049088001207049E7
:10A85000087014206A49087004E000206C490870F0
:10A860006A4908806B48007880B300206A49087004
:10A870005A48806A10F57A7F0ADB6848007838B950
:10A880006748B0F900005949B1F97E10884206DBEB
:10A8900001206449087000206349087041E0624863
:10A8A0000078032813DA61480088401C80B25F49B1
:10A8B00008801D2835DB002008805B480078401C9C
:10A8C000594908700120574908702AE003E0002028
:10A8D0005649088025E000205449088052480078F5
:10A8E00000281EDD4C480078401CC0B24A49087060
:10A8F0000C280FDA3948B0F8500002280AD047482F
:10A90000007838B94648B0F900003849B1F97E10EE
:10A91000884206DB00204049087000E003E142491C
:10A92000087027480078B8B141480088401C80B2C0
:10A930003F490880B0F5967F04DA2848806AB0F570
:10A940007A7F0EDD00203A490880012028490870EE
:10A9500014202B49487004E0002025490870344930
:10A9600008802448007898B1324801880088401C4B
:10A97000304A1080B1F5967F04DC1848806AB0F543
:10A980007A7F08DD00202B49088005F041F902E0BC
:10A990000020284908801848007878B117480078C6
:10A9A00068B10E48006840F6B831884259D922484B
:10A9B00001780078401C204A10703FE055E04FE0DD
:10A9C000F70100205202002054020020560200200D
:10A9D000580200205A0200205C020020E003002000
:10A9E000C0F2FCFF008FFDFF1C0000208C07002040
:10A9F000F8010020FE010020FD01002004020020DB
:10AA0000A901002045020020F4010020640200207A
:10AA1000F5010020F001002070020020D501002087
:10AA20004C000020F10100206F0200206202002093
:10AA300066020020680200206A0200203B2917DD20
:10AA40000020114608703F4908703F48806C20F094
:10AA500080003D49886400203C49087005F0D8F822
:10AA600006E000203A49087002E0002038490870EA
:10AA70003848007828B33848007888B9002037492A
:10AA80000870374801780078401C354A10700A2950
:10AA90001CDD00201146087001202F49087015E0C8
:10AAA00000202F4908702D4801780078401C2B4A5F
:10AAB00010700F290ADD0020114608702649087021
:10AAC00004E00020254908702549087025480078D1
:10AAD00010B92548007858B31B4890F83C0000F0A6
:10AAE000100010280DD121480078401CC0B21F4929
:10AAF00008700A2808DB0020087001201C49087033
:10AB000002E00020194908701948007860B119481E
:10AB10000078401CC0B2174908700F280FDB0020D6
:10AB20000870134908700AE000201249087006E016
:10AB300000200E4908700F4908700D49087000BFC9
:10AB4000FFF707BBFD010020E00300200402002006
:10AB50006A02002005020020060200206C0200208C
:10AB60006B020020F4010020F20100206D020020A1
:10AB7000BD0100206E0200202DE9F0474FF00009D2
:10AB8000CA460126A64890F8D50028B90021A44855
:10AB900080F8D610BDE8F087A14890F80080022028
:10ABA0009F490870084690F8D60000287ED00024FF
:10ABB0008CE02046E11704EB5171C1F3C707012671
:10ABC000E11704EB5171C910A4EBC10106FA01F1C0
:10ABD000CEB29348D730C05D3040B04273D1914877
:10ABE00030F8140040B18F4830F81400401E81B294
:10ABF0008C4820F8141067E08B48005D58B98A48EB
:10AC0000C03830F81410803820F81410002100F5F6
:10AC10008070015557E0002550E08248803030F8C0
:10AC20001400E8B98048C03830F81410803820F893
:10AC300014107D48005D022802D101217A48015597
:10AC400079484038005D401CC1B277484038015512
:10AC5000005DC82830DDC8217348403801552BE01D
:10AC60007048803030F81400401E81B26D4880304A
:10AC700020F8141030F81400F0B96B48C03830F8E0
:10AC80001410803820F814106748005D022802D1A3
:10AC900001216548015564484038005D401CC1B23F
:10ACA000614840380155005DC82800E015E003DD2B
:10ACB000C8215D4840380155681CC5B2584890F815
:10ACC000D600A842A9DC00BF601CC4B2402CFFF62D
:10ACD00070AF0021524880F8D61000251CE0524881
:10ACE0004038405DB0B15048405D012812D14E4817
:10ACF000403050F8250068B14A484138405D4B4922
:10AD00000978884206DB47484138405D474908706A
:10AD100047480570681CC5B2402DE0DB424840380A
:10AD200043490978405C00286BD03F484049097886
:10AD3000405C012865D13C4840303D49097850F8D5
:10AD4000210000285DD0384840303949097850F852
:10AD5000219000F580703649097850F821A0032130
:10AD60003148334A12788154314800782C4981F8AF
:10AD7000D4005046C8472C4840382D490978405CDB
:10AD8000401EC1B228484038294A12788154FF2019
:10AD9000234981F8D40026490878C11700EB517186
:10ADA000CF10012622490878C11700EB5171C91054
:10ADB000A0EBC10106FA01F1CEB21A484938C05DD4
:10ADC0003040B0421DD1FF20154981F8D40008461B
:10ADD00080F80080144816490978405C032810D197
:10ADE0001148403812490978405C28B902210E48C0
:10ADF0000F4A1278815404E001210B480C4A127862
:10AE0000815400200A49087008490870FF2004494D
:10AE100081F8D400084680F8008000BFBAE6000040
:10AE2000782500209826002058280020590100206D
:10AE30005A01002030B5D5B00024FE4903C949911C
:10AE4000489000204690479005904C22FA49FB48D4
:10AE500000F012FD0222F849891E54A800F00CFDF2
:10AE60004C21F64806F064FB48B94C21F348FCF746
:10AE7000B5FFBDF85011884201D1012400E0002443
:10AE80003CBB0020EE490870EE490870EE48C06BEC
:10AE900020F40040EC49C8630846C06B20F48030C1
:10AEA000C8634C22E949E548F9F75CFB4C21E748C7
:10AEB000FCF794FF4A9006A84C23E44A0221009034
:10AEC0004AA802F0FDFD4E22DB49891E06A800F0CB
:10AED000F3FCDA48008842F2107188420DD0D7485E
:10AEE0004088884209D0D848C06B40F40040D64919
:10AEF000C8630120D249087008E0D348C06B20F431
:10AF00000040D149C8630020CD490870CB48808CEF
:10AF100042F21071884202D1C848C08C60B3C74861
:10AF2000008D42F21071884202D1C448408D18B39E
:10AF3000C248808D42F21071884202D1BF48C08D54
:10AF4000D0B1BE48008E42F21071884202D1BB4897
:10AF5000408E88B1B948808E42F21071884202D189
:10AF6000B648C08E40B1B548008F42F21071884299
:10AF70000CD1B248408F48B9B348C06B20F4803040
:10AF8000B149C8630020AF49087008E0AE48C06B03
:10AF900040F48030AC49C8630120AA4908708C2273
:10AFA000A549C039AA4800F067FC0222A249C2396B
:10AFB00053A800F061FC8C21A54806F0B9FA48B905
:10AFC0008C21A348FCF70AFFBDF84C11884201D13F
:10AFD000012400E00024BCB98C229E499C48F9F76A
:10AFE00006FB8C219B48FCF7F9FE4A9006A88C23AF
:10AFF000984A022100904AA802F062FD8E228E49F2
:10B00000C23906A800F058FC08228B4960319248EA
:10B0100000F032FC022288495E3152A800F02CFC7C
:10B0200008218D4806F084FA48B908218A48FCF7BF
:10B03000D5FEBDF84811884201D1012400E000246A
:10B04000E4B97C49083103C9CDE903018248039979
:10B050000160049941600821FCF7C0FE4A9006A8EF
:10B0600008237D4A022100904AA802F029FD0A2205
:10B0700071495E3106A800F01FFC00BF08226E492E
:10B080007031764800F0F8FB02226B496E314DA812
:10B0900000F0F2FB0821714806F04AFA48B908218D
:10B0A0006E48FCF79BFEBDF83411884201D10124A3
:10B0B00000E00024B4B96A48684908604860082183
:10B0C0006648FCF78BFE4A9006A80823634A0221D3
:10B0D00000904AA802F0F4FC0A2257496E3106A8F3
:10B0E00000F0EAFB0822544980315E4800F0C4FBBE
:10B0F000022251497E314CA800F0BEFB082159487C
:10B1000006F016FA48B908215648FCF767FEBDF864
:10B110003011884201D1012400E00024DCB95A201A
:10B120005049088050204880642088805A20C88078
:10B1300008214C48FCF752FE4A9006A80823494AC9
:10B14000022100904AA802F0BBFC0A223A497E3153
:10B1500006A800F0B1FB10224349444800F08CFBE4
:10B1600002224149891E51A800F086FB10213F4868
:10B1700006F0DEF948B910213C48FCF72FFEBDF877
:10B180004411884201D1012400E0002404BB294B72
:10B190001033D3E90020D3E9021302AD0BC50192AD
:10B1A000102101A8FCF71AFE519006A8102301AA4D
:10B1B0000221009051A802F083FC12222A49891E24
:10B1C00006A800F079FB294801A92EC92EC000BFAE
:10B1D000264800881C49A1F8520024484068486568
:10B1E0000846406D1D49496848436421B0FBF1F0B1
:10B1F0001F4908601D480088096848436421B0FB66
:10B20000F1F01C490860194880680968C1EB4112D7
:10B21000C2EB012100EB01101749086040221249DE
:10B220002031164800F028FB02220F491E3150A899
:10B2300026E0000014320108C2F003084007002095
:10B24000090200200A020020E0030020782C0108F7
:10B250008C070020C42C01081C00002014000020D2
:10B26000A08601003000002002F203081808002028
:10B2700090010020940100208801002098080020FF
:10B2800000F0FAFA4021584806F052F948B9402136
:10B290005548FCF7A3FDBDF84011884201D10124B7
:10B2A00000E000241CB940214F48F9F7FCF90020C8
:10B2B0004D498860084600694C49C8654A4840695C
:10B2C000886510224A494B4800F0D6FA02224849C4
:10B2D000891E4BA800F0D0FA1021464806F028F944
:10B2E00048B910214348FCF779FDBDF82C1188427C
:10B2F00001D1012400E000242CB93E480021016066
:10B3000041608160C1603B48007B3B49087039481F
:10B31000407B3A4908701E2239493A4800F0ACFA9D
:10B3200002223749891E4FA800F0A6FA1E2135488F
:10B3300006F0FEF848B91E213248FCF74FFDBDF873
:10B340003C11884201D1012400E000241CB91E21D7
:10B350002C48F9F786F903F097FB0422284930318D
:10B3600005A800F089FA022225492E314EA800F0E6
:10B3700083FA1E2105A806F0DBF848B91E2105A8AE
:10B38000FCF72CFDBDF83811884201D1012400E002
:10B3900000249CB91C4800680590042105A8FCF70E
:10B3A0001DFD4A9004221649303105A800F084FAA8
:10B3B000022213492E314AA800F07EFA1348008871
:10B3C000401C124908800948C06B40F0C000074982
:10B3D000C86300200E49C86408654FF0AA300D49C3
:10B3E0000860486055B030BD98080020E003002098
:10B3F00082F20308D80800207E010020740100209A
:10B4000062F10308E8080020D04200082400002070
:10B41000280800203800002010B50A48007800B93C
:10B4200010BD00200749087003F0ACF9012006F0B8
:10B43000D5FE012006F0D0FE012006F055FF00BF2A
:10B44000EEE7000002020020F0B503460C46586803
:10B45000F9F704FE05465868F9F70AFE06461F7B11
:10B46000FE2D0BD021480089A84207DA0020204990
:10B47000A1F8F401A1F8F6010620F0BD5868F9F72B
:10B48000F1FD102807D000201949A1F8F401A1F816
:10B49000F6010120F1E7082E09DDFE2E07D000207D
:10B4A0001349A1F8F401A1F8F6010220E5E71048DC
:10B4B000B0F8F40111780844B0F5FA7F07DB0020FA
:10B4C0000B49A1F8F401A1F8F6010320D5E7218882
:10B4D000587B814208D000200549A1F8F401A1F869
:10B4E000F60120800420C8E70020C6E728080020D5
:10B4F0004C2D0020704710B50346002404E042F2B2
:10B50000283000F0C7F8641C9C42F8D310BD00003E
:10B5100010B504460548007802F0D0F80448806C65
:10B5200040F080000249886410BD0000080000203F
:10B53000E00300202DE9F04701264FF000094FF00D
:10B54000000A524890F800800120504908700846CF
:10B55000407C002853D000244CE02046E11704EB47
:10B560005171C1F3C7050126E11704EB5171C910F0
:10B57000A4EBC10106FA01F1CEB244481230405D9D
:10B580003040B04234D100272EE04048243030F81B
:10B59000140068B93D481230415DB1434155801CEB
:10B5A000005D02281ED1012138481430015519E0F0
:10B5B0003648243030F81400401E81B2334824301D
:10B5C00020F8141030F8140060B930481230415D92
:10B5D000B1434155801C005D022803D101212B4855
:10B5E00014300155781CC7B22848407CB842CCDCE6
:10B5F000601CC4B2102CB0DB0021244841742348E5
:10B60000143023490978405C01282FD11F48543059
:10B610001F49097850F8210040B31C4854301C4998
:10B62000097850F8219040301949097850F821A044
:10B6300003218038164A127881541548007813493E
:10B6400008745046C847002110485430104A1278F8
:10B6500040F8221040300E4A127840F8221080380C
:10B660000B4A12788154FF20084908740848007872
:10B67000401C0749087008460078102801DB0020AC
:10B680000870024880F80080BDE8F0877825002027
:10B6900058010020002100E0491C8142FCD3704782
:10B6A00030B502460B461D4601F04AF9014600241A
:10B6B0008A4203D9C2F1FF340C4400E08C1AAC4238
:10B6C00001D9012030BD0020FCE700002DE9FE4338
:10B6D000044688462568A78802AB01AA3946284651
:10B6E000F9F762FB06469DF8080028B902AB32461E
:10B6F000E81D0199FBF7AEFA9DF80800052803D173
:10B70000FEF7D4F9BDE8FE839DF8080078B19DF8F6
:10B71000080029280BD02D480068401C2B490860E0
:10B72000032807D90020086000F06CF802E0002030
:10B73000264908609DF80800254900900B7846F0DE
:10B7400080022449097801EB4101DFF88CC05CF8E4
:10B750002100224906F094FC1E48007800EB4000CE
:10B760001D4901EB8000018919480088093008440F
:10B770001849097801EB4101174A02EB8101088160
:10B78000FEF794F9164800681649884205D0144817
:10B79000803000681449884216D114480068144962
:10B7A000884204D011480068124988420CD1FFF742
:10B7B00033FE012010490870104908704FF47A7266
:10B7C00000210F4803F0A4FA00BF9BE7BC00002053
:10B7D0006C00002011030020240C00200E0B002020
:10B7E0008C3E00089966A55A5A5A69697000002073
:10B7F00055555A5AAAAA5A0A0B0200200C020020D8
:10B8000075DA000810B54FF0FF3416480068164985
:10B8100088420CD1692001F029FD69222146204689
:10B82000FDF7F4FC2146114800F0E8F912E00D485C
:10B8300000680F4988420DD15A2001F017FD5A22A5
:10B8400021462046FDF7E2FC4FF0FF3107488030EB
:10B8500000F0D4F94FF0FF3002490860002005499C
:10B86000088010BD70000020AA55AA558C3E000823
:10B87000AA5A550AAA00002070B504460B46254670
:10B8800000219818064EB04201D9002070BD002159
:10B8900002E0585C6854491C9142FAD30120F5E754
:10B8A000004004080146FF200878704701464FF029
:10B8B000FF320A6890B270472DE9F04FADF6240DC3
:10B8C00082460E4615460020CDF8200800240027A9
:10B8D000CDF81C088046CDF814080120CDF81008DA
:10B8E0004FF0000B0020CDF80C08B5F5006F03DD1C
:10B8F0000DF6240DBDE8F08FBF48864203D87019BD
:10B90000BD49884200D9F3E705B9F1E7CDF81868D9
:10B91000002411E0DDF818080078CDF81408DDF8EF
:10B920001808401CCDF81808DDF81408FF2802D0CC
:10B930000020CDF81008641CAC42EBD3DDF81008F1
:10B94000002875D14FEAD62B71190BF10100B1EB2C
:10B95000C02F03D90120CDF80C0802E00020CDF85B
:10B960000C084FEAD6294FEAC929DDF80C0858BB64
:10B970004FF40062494601A8F8F7F4FDA6EB09046C
:10B9800003E0FF2001A90855641CA6EB0900284428
:10B99000A042F6D801A8CDF8040800F0C7F94FEA94
:10B9A000CB2000F03BF9002408E0DDF8042852F831
:10B9B000241009EB840000F08DF9641CB4F5007FBD
:10B9C000F3D300F07DF95BE0CDF808684FF4006236
:10B9D000494601A8F8F7C6FDA6EB090403E0FF20DD
:10B9E00001A90855641CB4F5006FF8D301A8CDF87F
:10B9F000040800F09BF94FEACB2000F00FF9002477
:10BA000008E0DDF8042852F8241009EB840000F067
:10BA100061F9641CB4F5007FF3D300F051F94FF4E1
:10BA2000006209F5006101A8F8F79CFD002404E01C
:10BA300027E0FF2001A90855641CA6EB0900C0F50A
:10BA40000060281AA042F4D801A8CDF8040800F03C
:10BA50006DF90BF10101C80200F0E0F800240AE0E2
:10BA6000DDF8042852F8241009F5006202EB840086
:10BA700000F030F9641CB4F5007FF1D300F020F938
:10BA800000BF06F00308B8F1000F53D00020CDF836
:10BA90000008002708E0F900FF208840DDF80018C2
:10BAA0000844CDF800087F1C4745F4D308EB050097
:10BAB00004281FD2474609E01AF8010BF900884014
:10BAC000DDF800180844CDF800087F1C08EB0500DD
:10BAD000B842F1D808EB050708E0F900FF208840DC
:10BAE000DDF800180844CDF800087F1C042FF4D3BB
:10BAF000002511E0474609E01AF8010BF9008840DB
:10BB0000DDF800180844CDF800087F1C042FF3D39B
:10BB1000C8F10400281A85B200F008F9A6EB080065
:10BB2000DDF8001800F0D6F800F0CAF8C8F10400FB
:10BB3000064400BF2846E91705EB91718910A5EB73
:10BB40008101CDF81C18E91705EB91718910CDF82A
:10BB5000201800241BE00020CDF80008002709E091
:10BB60001AF8010BF9008840DDF800180844CDF8F8
:10BB700000087F1C042FF3D300F0D8F83046DDF81E
:10BB8000001800F0A7F800F09BF8361D641CDDF8E3
:10BB900020088442DFD3DDF81C0850B30020CDF824
:10BBA0000008002409E01AF8010BE1008840DDF8E4
:10BBB00000180844CDF80008641CDDF81C08844215
:10BBC000F1D3DDF81C4808E0E100FF208840DDF8F3
:10BBD00000180844CDF80008641C042CF4D300F0CD
:10BBE000A5F83046DDF8001800F074F800F068F8A9
:10BBF00000BF00BF7CE600000040040813B5044607
:10BC00000422214601A8FFF757FE1CBD0249C9685E
:10BC10000143014AD16070470020024030B504461C
:10BC200006257C20FFF7F2FF4FF4302000F08AF861
:10BC30000546062D17D10D48006940F002000B495A
:10BC4000086108464461006940F0400008614FF413
:10BC5000302000F077F805460448006943F6FD718E
:10BC6000084002490861284630BD0000002002401B
:10BC700006201249C96801F0010109B101201CE048
:10BC80000E49C96801F0040109B1032015E00B4910
:10BC9000C96801F0080109B104200EE00749C9682C
:10BCA00001F0100109B1052007E00449C96801F05D
:10BCB000400109B1072000E0062070470020024043
:10BCC0000348006940F080000149086170470000A6
:10BCD0000020024070B504460D46062604F003001D
:10BCE00010B10926304670BD7C20FFF78FFF4FF45E
:10BCF000005000F027F80646062E12D10A480069C7
:10BD000040F001000849086125604FF4005000F040
:10BD100019F806460448006943F6FE7108400249D6
:10BD200008613046DFE70000002002400248034976
:10BD3000486003484860704723016745002002407F
:10BD4000AB89EFCD00B502460623FFF791FF03460E
:10BD500003E0FFF78DFF0346521E012B01D1002A9D
:10BD6000F7D102B90A23184600BD00002DE9FE43B1
:10BD700007468846002002900025F948007800EB2D
:10BD80004000F84951F82040F74800782070012021
:10BD9000E07007F18000207155206071AA20A07129
:10BDA00084F80780F148007820B1F1480068A0606D
:10BDB000042500E00025B8F1000F32D06E1D300AD6
:10BDC0006070A670A078617840EA0120C01C86B23D
:10BDD000E3480078C0EBC000E64901EB8000008B2F
:10BDE000B0421CDDA078627840EA0220811C601C11
:10BDF00000F098FDA0550020D949097801EB4101D8
:10BE0000D84A02EB8101C880701CD549097801EB42
:10BE1000410102EB810108810020BDE8FE83002082
:10BE2000FBE7302F73D018DC2A2F71D2DFE807F040
:10BE3000702F308B8C709FAA31323334353670704E
:10BE4000C339704D70B4967070707070707070708F
:10BE50003A70703C3DD23E3738DCA7F140002728CD
:10BE6000E3D2DFE800F025CB26D5DF272428F0F148
:10BE7000555555555555F4295555ED2AEC2BEB2CB8
:10BE800055555555555520EA2F2D2EE9300000BF48
:10BE900000BF00BF00BF00BF00BF00BF00BF00BFAA
:10BEA00000BF00BF00BF00BF00BF00BF00BF00BF9A
:10BEB00000BF00BF00BF00BF00BF00BF00BF00BF8A
:10BEC00000BF00BF00BF6E1DA9E1DFF8AC9205F115
:10BED0006506A648007801281BD1A848007838B923
:10BEE00005F10801081960224946F8F73BFB29E0F3
:10BEF000A24A1278521E02EB4202A14B03EB4211FE
:10BF000005F1080210196022F8F72CFB1AE006E18F
:10BF100084E19548007838B905F1080108196022D4
:10BF20004946F8F71FFB0DE08F4A1278521E02EBCC
:10BF30004202934B03EB421105F1080210196022F3
:10BF4000F8F710FB6BE16AE105F13D0605F1080128
:10BF5000081938228B49F8F705FB60E1552605F1F1
:10BF60000801081950228849F8F7FCFA57E105F052
:10BF7000EBFA552605F10801081950228349F8F714
:10BF8000F1FA4CE105F1510605F1080108194C22BE
:10BF90007F49F8F7E7FA42E105F191068C227D49E5
:10BFA0007D48FFF769FC05F1080108198C227A49E0
:10BFB000F8F7D8FA33E105F123061E2277497848CD
:10BFC000FFF75AFC05F1080108191E227449F8F719
:10BFD000C9FA24E105F10D06701F204471490A6871
:10BFE0000260496841601AE105F10D06701F2044A6
:10BFF0006D490A6802604968416010E105F1150663
:10C0000005F10801081910226849F8F7ABFA06E1B2
:10C0100005F10D06701F204465490A6802604968F1
:10C020004160FCE005F1450605F1080108194022D0
:10C030006049F8F797FAF2E088E07AE055E03AE0F4
:10C040001FE004E000E0D1E005F11106E7E05A4806
:10C050000078A8B901200221CDE9001040480078FD
:10C0600000EB40003F4A02EB80014FF47A7300225C
:10C07000524802F0F7FD5249087001204E490870FD
:10C08000CDE04D480078A8B901200221CDE900108B
:10C090003348007800EB4000324A02EB80014FF455
:10C0A0007A730022474802F0DDFD474908700120FD
:10C0B00041490870B3E040480078A8B90120022146
:10C0C000CDE900102648007800EB4000254A02EB3D
:10C0D00080014FF47A7300223C4802F0C3FD3C49D2
:10C0E000087001203449087099E033480078A8B9F5
:10C0F00001200221CDE900101948007800EB400032
:10C10000184A02EB80014FF47A730022314802F0A2
:10C11000A9FD314908700120274908707FE005F129
:10C12000750605F10801081970222C49F8F71AFA6A
:10C1300075E005F10906042229492A48FFF79CFB0E
:10C14000701E204427490968016068E005F10D066A
:10C15000701F204424490A680260496841605EE01B
:10C1600011030020240C00201803002017030020D6
:10C170000C000020602D0108E003002016030020C1
:10C180004004002006090020D04100083E0900209C
:10C190004007002002F003088C07002062F103082A
:10C1A000E80800201C0000200000002018080020E3
:10C1B000140000209808002055030020C5E6000860
:10C1C00054030020CBE6000852030020C7E6000815
:10C1D00051030020C9E60008500300202808002071
:10C1E00022F303082C0000203000002005F149064E
:10C1F0000420029005F108002044BDF808100180D9
:10C2000005F10A00204424490989018005F10C0147
:10C21000081940222149F8F7A5F900E000BF00BF46
:10C22000582F05D0562F03D0542F01D0502F01D1B5
:10C230000020F2E5300A6070A670A078617840EACC
:10C240000120C01C86B216480078C0EBC00015491A
:10C2500001EB8000008BB0421BDDA078627840EAE1
:10C260000220811C601C00F05DFBA05500200C49E1
:10C27000097801EB41010C4A02EB8101C880701C76
:10C280000749097801EB410102EB81010881012096
:10C29000C3E50020C1E5000028080020E02C0020B4
:10C2A00011030020602D0108240C002010B501218D
:10C2B0001D2001F03BFE4C4B9A799988186801F0DB
:10C2C0004DFC4A4B9A799988186801F047FC484B15
:10C2D0009A799988186801F041FC0121454800F0DD
:10C2E000A3F8454B9A799988186801F037FC424ABF
:10C2F0009188106800F059FA404B9A79998818682B
:10C3000001F02CFC3D4A9188106800F04CFA3C4B3F
:10C310009A799988186801F021FC394A9188106847
:10C3200000F041FA374B9A799988186801F016FCA9
:10C33000344A9188106800F036FA334B9A7999881C
:10C34000186801F00BFC304A9188106800F02BFA55
:10C350002E4B9A799988186801F000FC2B4A918835
:10C36000106800F020FA2A4B9A799988186801F031
:10C37000F5FB274A9188106800F015FA254B9A7949
:10C380009988186801F0EAFB224A9188106800F049
:10C390000AFA214B9A799988186801F0DFFB1E4A46
:10C3A0009188106800F0FFF91C4B9A7999881868F9
:10C3B00001F0D4FB194A9188106800F0F6F91022B8
:10C3C0001101174801F0CAFB4FF48071144800F0C6
:10C3D000ECF900222021134801F0C0FB00221021BB
:10C3E0000F4801F0BBFB10BD180100200001002028
:10C3F000080100200002300010010020E8000020A9
:10C40000F8000020F0000020C8000020D00000202C
:10C41000D800002020010020280100203001002049
:10C4200000080140000C0140F0B502460C46002314
:10C43000002600210025002002F08047B7F1804F40
:10C4400002D1844F396A11E002F00057B7F1005F62
:10C4500002D1804F796A09E002F08057B7F1805F1E
:10C4600002D17C4FB96A01E07A4F7968C2F3034583
:10C4700093B2794F1740B7F5401F0AD121F0706190
:10C48000744F7F6827F07067DFF8C8C1CCF804707C
:10C49000BDE002F48017B7F5801F13D102F4001736
:10C4A000B7F5001F03D10327AF403E0402E0032786
:10C4B00007FA05F6B14302F0E047002FE8D141F05A
:10C4C0007061A4E002F08077B7F1807F47D102F07D
:10C4D0000407042F29D102F00077B7F1007F16D1AD
:10C4E000C2F340573F0103FA07F7B9433CB1594F34
:10C4F000786840F0010040F07060786087E0554F48
:10C50000786820F0010040F0706078607FE0C2F34E
:10C5100040573F0103FA07F7B9434E4F786820F0C0
:10C52000010040F07060786071E043F00407C2F3EE
:10C53000405C4FEA0C1C07FA0CF7B9433CB1454F7D
:10C54000786840F0010040F0706078605FE0414F33
:10C55000786820F0010040F07060786057E002F0E9
:10C560008067B7F1806F47D102F00807082F29D103
:10C5700002F00077B7F1007F16D1C2F340573F01B8
:10C5800003FA07F7B9433CB1324F786840F008002E
:10C5900040F0706078603AE02E4F786820F0080034
:10C5A00040F07060786032E0C2F340573F0103FA18
:10C5B00007F7B943274F786820F0080040F0706013
:10C5C000786024E043F00807C2F3405C4FEA0C1C9B
:10C5D00007FA0CF7B9433CB11E4F786840F00800E9
:10C5E00040F07060786012E01A4F786820F0080020
:10C5F00040F0706078600AE0C2F340573F0103FAF0
:10C6000007F7B94302F0E0470FB941F070612CB170
:10C61000C2F340573F0103FA07F7394302F080475E
:10C62000B7F1804F02D10B4F396211E002F0005791
:10C63000B7F1005F02D1074F796209E002F080573D
:10C64000B7F1805F02D1034FB96201E0014F796019
:10C65000F0BD000000000140000030702DE9F04105
:10C66000024600250026002000230024002791F820
:10C6700003C00CF00F0591F803C00CF0100CBCF1D6
:10C68000000F03D091F802C04CEA050591F800C0F4
:10C69000BCF1000F31D0146800202BE04FF0010CEA
:10C6A0000CFA00F3B1F800C00CEA03069E4220D158
:10C6B00083004FF00F0C0CFA03F7BC4305FA03FCA0
:10C6C0004CEA040491F803C0BCF1280F06D14FF0E6
:10C6D000010C0CFA00FCC2F814C00AE091F803C087
:10C6E000BCF1480F05D14FF0010C0CFA00FCC2F868
:10C6F00010C0401C0828D1D31460B1F800C0BCF1B0
:10C70000FF0F34DD546800202EE000F1080C4FF0DC
:10C71000010808FA0CF3B1F800C00CEA03069E42C7
:10C7200021D183004FF00F0C0CFA03F7BC4305FA3C
:10C7300003FC4CEA040491F803C0BCF1280F05D1B6
:10C7400000F1080C08FA0CF8C2F8148091F803C044
:10C75000BCF1480F07D100F1080C4FF0010808FAAE
:10C760000CF8C2F81080401C0828CED35460BDE8F5
:10C77000F0814FF6FF710180012181700421C170A9
:10C7800070470246002093680B400BB1012000E087
:10C790000020704702460020D3680B400BB10120F7
:10C7A00000E0002070474161704701617047000060
:10C7B0002249097801B170472149896A11F57A7FC8
:10C7C00011DA00211F4A11701F490978491CC9B2AA
:10C7D0001D4A11700A292EDB002111700221184A0E
:10C7E000A2F8501027E01649896AB1F57A7F11DD69
:10C7F0000021154A117013490978491CC9B2114A20
:10C8000011700A2917DB0021117001210C4AA2F8CE
:10C81000501010E000210B4A11700B4A11700B49A7
:10C82000097821B10421064AA2F8501003E0002142
:10C83000034AA2F8501000BFBDE70000BB01002072
:10C84000E00300207C0200207D020020EA0100209D
:10C8500030B502460B46002493B900210BE001EBF2
:10C8600041001D4D05EB4010006C104008B1012047
:10C8700030BD481CC1B2194800898842EFDC28E06D
:10C88000012B12D100210BE001EB4100124D05EB11
:10C890004010406C104008B10120E9E7481CC1B2CB
:10C8A0000E4800898842EFDC13E0022B11D10021F1
:10C8B0000BE001EB4100084D05EB4010806C10408F
:10C8C00008B10120D4E7481CC1B20448008988425D
:10C8D000EFDC0020CCE70000400400202808002006
:10C8E0004FF0E02080690249086008460068704700
:10C8F000540100200948C07C00F0010060B90748DD
:10C90000807CC0F3800038B90548C07920B904485C
:10C91000007A08B9012070470020FCE7741000205D
:10C920006410002010B502460B460020002103E0F1
:10C93000545C0444E0B2491C9942F9D310BD000094
:10C9400001480068704700000C0300202DE9F04109
:10C9500006460D4637464FF000081D48304430B1BA
:10C96000B0F5684F06D0B0F5E83F09D105E04FF0CB
:10C97000550805E04FF0690802E04FF05A0800BF83
:10C9800000BFB8F1000F04D04046FCF70BFC0128B3
:10C990000BD1002406E0385D0E49098821440E4A77
:10C9A0005054641CAC42F6DB0AE0002406E0FF2091
:10C9B000084909882144084A5054641CAC42F6DBFB
:10C9C00004480088284403490880BDE8F08100003D
:10C9D00030BEFFF76C0000200E0B002030B5024681
:10C9E000012400211CE00846CD1701EB5575C5F365
:10C9F000C7030124CD1701EB5575ED10A1EBC5055B
:10CA000004FA05F5ECB2D01CC05C204030B902F548
:10CA10000370405C032801D0084630BD481CC1B2F9
:10CA20004029E0DBFF20F8E730B502460124002171
:10CA30001BE00846CD1701EB5575C5F3C70301246C
:10CA4000CD1701EB5575ED10A1EBC50504FA05F501
:10CA5000ECB2901CC05C204028B9101D405C03283B
:10CA600001D0084630BD481CC1B21029E1DBFF20CF
:10CA7000F8E710B5FFF71AFC04F0C4F804F01AFA4E
:10CA8000FAF710FEF7F7F2FE5020FEF734FD03F040
:10CA900071F905F0CDFA10BD054800680549086038
:10CAA0000348001D00680449086000BFFEE700005D
:10CAB00028ED00E05C0000206000002010B5FAF7CF
:10CAC0007DFFFAF711FF10BD00B585B001214805C3
:10CAD00001F00CFA0121082001F028FA0121084692
:10CAE00001F024FAC020ADF8000001208DF802000A
:10CAF0001C208DF8030069461148FFF7AFFD11486F
:10CB000000F086FA0020ADF808004BF6FF70ADF893
:10CB10000A003020ADF80C004FF48060ADF80E0034
:10CB20000001ADF810000848019001A9054800F087
:10CB3000EFFA0121034800F0A9FA05B000BD00009A
:10CB4000000C014000540040A086010000B585B0F3
:10CB50000121880501F0CAF90121082001F0E6F958
:10CB60000121084601F0E2F94FF44060ADF8000001
:10CB700001208DF802001C208DF803006946114841
:10CB8000FFF76CFD104800F043FA0020ADF80800F4
:10CB90004BF6FF70ADF80A003020ADF80C004FF4F2
:10CBA0008060ADF80E000001ADF81000074801905C
:10CBB00001A9054800F0ACFA0121034800F066FA2B
:10CBC00005B000BD000C014000580040A0860100E7
:10CBD0002DE9F0470646894690461D4644464FF4E7
:10CBE000A0470AE0381EA7F1010706D1012130460F
:10CBF000FDF76AF90020BDE8F0874FF400313046B8
:10CC000000F068FA0028EDD10121304600F0F3F978
:10CC10000121304600F046FA4FF4A04709E0381EE3
:10CC2000A7F1010705D102213046FDF74DF900209B
:10CC3000E1E77A49304600F0C9F90028EFD0012237
:10CC40004946304600F0FAFA4FF4A04709E0381E92
:10CC5000A7F1010705D104213046FDF735F9002081
:10CC6000C9E76E49491C304600F0B0F90028EED003
:10CC7000012D23D10021304600F0BDF9B08A308B60
:10CC80000121304600F01AFA4FF4A04709E0381E9F
:10CC9000A7F1010705D107213046FDF715F900205E
:10CCA000A9E75F49304600F015FA0028EFD030467A
:10CCB00000F0C0FA04F8010B6D1E99E0022D2ED190
:10CCC000308840F400603080B08A308B00213046DC
:10CCD00000F091F94FF4A04709E0381EA7F10107D1
:10CCE00005D108213046FDF7EFF8002083E74C49D5
:10CCF0003C39304600F0EEF90028EED001213046F4
:10CD000000F0DCF9304600F095FA04F8010B6D1ED6
:10CD1000304600F08FFA04F8010B6D1E68E0012127
:10CD2000304600F068F9B08A308B5EE0032D42D1C6
:10CD30004FF4A04709E0381EA7F1010705D10821EB
:10CD40003046FDF7C1F8002055E735493C393046FB
:10CD500000F0C0F90028EED00021304600F04BF979
:10CD6000304600F067FA04F8010B6D1E4FF4A0473F
:10CD700009E0381EA7F1010705D108213046FDF76B
:10CD8000A3F8002037E726493C39304600F0A2F9E5
:10CD90000028EED00121304600F090F9304600F036
:10CDA00049FA04F8010B6D1E304600F043FA04F80E
:10CDB000010B6D1E1BE04FF4A04709E0381EA7F1E0
:10CDC000010705D107213046FDF77EF8002012E764
:10CDD00012493F31304600F0F9F80028EED03046D5
:10CDE00000F028FA04F8010B6D1E002D9ED100BF43
:10CDF0004FF4A04709E0381EA7F1010705D1012132
:10CE00003046FDF761F80020F5E64FF4003130467A
:10CE100000F060F90028EED10120ECE601000300EB
:10CE2000400000102DE9F0478046894615461E4611
:10CE30002F464FF4A0440AE0201EA4F1010406D1BD
:10CE400001214046FDF740F80020BDE8F0874FF48F
:10CE50000031404600F03EF90028EDD10121404666
:10CE600000F020F94FF4A04409E0201EA4F10104D1
:10CE700005D102214046FDF727F80020E5E73449B7
:10CE8000404600F0A3F80028EFD000224946404673
:10CE900000F0D4F94FF4A04409E0201EA4F10104ED
:10CEA00005D103214046FDF70FF80020CDE72949C1
:10CEB000404600F08BF80028EFD018E017F8011B6F
:10CEC000404600F0C4F94FF4A04409E0201EA4F14C
:10CED000010405D105214046FCF7F6FF0020B4E728
:10CEE0001C49891E404600F071F80028EED0301E23
:10CEF000A6F10106E2D14FF4A04409E0201EA4F1FE
:10CF0000010405D106214046FCF7DEFF00209CE726
:10CF10001049891C404600F059F80028EED0012144
:10CF2000404600F0CBF809E0201EA4F1010405D131
:10CF300001214046FCF7C8FF002086E74FF400318E
:10CF4000404600F0C7F80028EED101207DE7000040
:10CF500001000300820007002DE9F04705460E4658
:10CF6000174698464FF00009CA4600240BE0434696
:10CF70003A4631462846FFF72BFE012801D181466B
:10CF800003E0601CC4B2032CF1DB00BF4846BDE8DF
:10CF9000F0872DE9F04705460E46174698464FF0B4
:10CFA0000009CA4600240BE043463A46314628466B
:10CFB000FFF738FF012801D1814603E0601CC4B2AD
:10CFC000032CF1DB00BF4846BDE8F08770B5024690
:10CFD0000024002500230020958A138B1B0445EABA
:10CFE000030626F07F4404EA01068E4201D10120A7
:10CFF00000E0002070BD21B1028842F4806202800E
:10D0000004E002884FF6FF331A40028070470000A8
:10D0100010B504461948844209D10121480500F0A1
:10D0200075FF00214FF4001000F070FF25E0144858
:10D03000844209D10121880500F068FF00214FF4E6
:10D04000800000F063FF18E00E48844209D10121FE
:10D05000C80400F07BFF00214FF4002000F076FFB1
:10D060000BE00948844208D10121080500F06EFF59
:10D0700000214FF4801000F069FF10BD0054004003
:10D0800000580040004401400048014021B102889E
:10D0900042F00102028004E002884FF6FE731A405B
:10D0A0000280704721B1028842F48072028004E05D
:10D0B00002884FF6FF631A400280704721B1028850
:10D0C00042F40072028004E002884FF6FF531A40D7
:10D0D000028070470CB502460020002301930093A4
:10D0E00000920B0F019321F07F41019B1BB1009B2C
:10D0F0001433009303E0090C009B18330093009B4A
:10D100001B680B400BB1012000E000200CBD0000AB
:10D110002DE9F04387B004460D460026B0460427AB
:10D12000DFF8F490A6884FF6C070064001A800F022
:10D1300023FF3A48844202D03948844202D1DDF8C4
:10D140000C9007E03748844202D03748844201D12E
:10D15000DDF810903548B9FBF0F01FFA80F8B8F10F
:10D16000240F01DD4FF0240846EA0806A680208837
:10D170004FF6FE710840208000262D49286888421D
:10D180000CD828684000B9FBF0F087B2042F00DA11
:10D1900004273E4308F10100208427E0E8884BF68D
:10D1A000FF71884206D1286800EB4000B9FBF0F01F
:10D1B00087B209E0286800EBC00101EB0010B9FB61
:10D1C000F0F087B247F48047C7F30B0008B947F087
:10D1D000010747F4004006434FF4967008FB00F047
:10D1E0004FF47A7190FBF1F0401C2084A6832088D4
:10D1F00040F00100208026884FF6F5300640A888D0
:10D200006989084306432680A88929890843208123
:10D2100007B0BDE8F083000000127A00005400401F
:10D2200000580040004401400048014040420F00C7
:10D23000A08601000146088AC0B2704712B141F0D1
:10D24000010102E04FF6FE7319400182704701822E
:10D25000704710B50446E10AC802FEF7DFFC062855
:10D2600001D1012010BD00BFFCE700002DE9F04115
:10D27000044600260027552C02D11D26104F0FE032
:10D280005A2C03D11D260F4F552409E0692C03D1D8
:10D290001D260D4F552403E0AA2C01D100260B4F6B
:10D2A000002509E007EBC520FFF7D3FF10B90020E8
:10D2B000BDE8F081681C85B2B542F3DB0120F7E7D9
:10D2C00000400008001002080028010800F00308D0
:10D2D00008B5C020ADF8000003208DF8020004203E
:10D2E0008DF8030069460348FFF7B8F9FFF7ECFB38
:10D2F00008BD0000000C014008B54FF44060ADF8D7
:10D30000000003208DF8020004208DF80300694618
:10D310000248FFF7A3F9FFF719FC08BD000C014014
:10D320000149886070470000003000404CF6CC4056
:10D330000149086070470000003000404AF6AA200A
:10D340000149086070470000003000400149486012
:10D35000704700000030004001490860704700003D
:10D360000030004010B586B004463D48007808B152
:10D3700006B010BD3B48007801281AD10020394979
:10D380000870FF2240213848F7F763F90020374939
:10D390000871487134480A4606CA06C0012034495B
:10D3A000088134490870002033490880012102F0C7
:10D3B00025FF002002F014FF01281FD100202F4973
:10D3C00008702D480088401C00B22B490880084690
:10D3D000B0F90000322803DC01A800F037F93CE086
:10D3E0000020254908800021084602F007FFF7F7D2
:10D3F00011FC0121084602F001FF2EE0012002F09D
:10D40000EFFE012829D100201C4908701A48008825
:10D41000401C00B2184908800846B0F900001428E2
:10D4200003DC01A800F012F917E00020124908807F
:10D430000021012002F0E2FEF7F7CEFB012804D123
:10D440000121022002F0DAFE07E00121002002F0B3
:10D45000D5FE0021022002F0D1FE00BF88E70000C7
:10D46000BB010020C4030020E02C00200C000020A1
:10D4700028080020AC030020A4030020C6030020DD
:10D4800010B504460420207008480068606003203E
:10D49000A0600B2020730548017961734179A17365
:10D4A00021460020FAF726FE10BD0000BC03002034
:10D4B0002DE9FC5F0446012600274FF000080025F7
:10D4C0000020019000908146207B0A2869D100BF8E
:10D4D00013E0584850F83500616888420BD10026A7
:10D4E000607B544901EBC5010871A07B514901EBF8
:10D4F000C501487103E0681CC5B2082DE9DB00BF17
:10D50000012E21D100251CE04A4850F83500401C6E
:10D51000A8B94849606841F83500607B01EBC50156
:10D520000871A07B434901EBC5014871424800786E
:10D53000401C4149087001204049088003E0681CF4
:10D54000C5B2082DE0DB00BF607B08B1A07B00B94D
:10D550000127607B50B1607B39490979884205D148
:10D560004FF0010800203649087148711EB917B9FB
:10D57000B8F1000F5CD0002002F032FE002857D135
:10D58000012002F02DFE002852D101202D49087003
:10D590000121002002F032FE0021022002F02EFEC6
:10D5A00046E0207B0B2843D14FF0000A4FF0000BE0
:10D5B000254960680968884201D04FF0010A607B04
:10D5C00021490979884201D04FF0010BBAF1000FCF
:10D5D00002D1BBF1000F13D0002002F001FE10BBFE
:10D5E000012002F0FDFDF0B901201649087001216B
:10D5F000002002F003FE0021022002F0FFFD16E0F1
:10D60000A07B0F49097988420ED101200E4988710B
:10D610000846807901280AD1002088714A460421F1
:10D620000120F9F719FF02E000200749887100BFC7
:10D63000BDE8FC9FE02C0020AC030020A4030020E8
:10D640000C000020C4030020BC03002010B50446D9
:10D65000042020700848006860600320A0600A2051
:10D6600020730548017961734179A1732146002037
:10D67000FAF740FD10BD00000C0000202DE9F0413C
:10D6800004460D462668A78839463046FCF730FC2C
:10D690000849087008460078092809D070787E2863
:10D6A00006D005480570084601782046FCF72AFB9D
:10D6B000BDE8F0811C0300201103002030B50146B5
:10D6C00001233F2901DD002030BD0846CD1701EBC5
:10D6D0005575C5F3C702CD1701EB5575ED10A1EBDC
:10D6E000C50503FA05F5EBB21A48805C00EA0304AD
:10D6F0009C4217D11748855C9D438554002500F254
:10D70000492040F8215000F5807040F82150A0F5E4
:10D71000207020F81150803020F81150C03045544E
:10D720000120D1E70B48855C9D438554002500F21C
:10D73000492040F8215000F5807040F82150A0F5B4
:10D74000207020F81150803020F81150C03045541E
:10D750000020B9E74F26002010B590480078D0B1DE
:10D760008F480078401CC0B28D4908700A2811DB30
:10D7700000200870894801780078401C874A1070A2
:10D78000032907DD002011460870864A9188106839
:10D79000FFF709F800E1844890F8480000F08000A5
:10D7A000802813D17F4A91881068FEF7FEFF7F4AD8
:10D7B00091881068FEF7F7FF00207D4908707D49C9
:10D7C0000870774908707C490870E5E07648806CFD
:10D7D000002840D0754A91881068FEF7E4FF72482F
:10D7E000B0F8480000F4887040B16E4A9188106823
:10D7F000FEF7DBFF00206A49087024E06A4890F8D1
:10D80000480000F00F00D8B165480078401CC0B255
:10D81000634908700A2816DB00200870614A918865
:10D820001068FEF7B7FF28B15E4A91881068FEF7CE
:10D83000BAFF08E05B4A91881068FEF7B6FF02E085
:10D84000002057490870002059490870594908704C
:10D8500059490870A0E05448406C584908400028D5
:10D8600038D057480078B0B14E4A91881068FEF71A
:10D870009CFF4E4A91881068FEF795FF4D4800784E
:10D88000401CC0B24B49087014281BDB00200870F4
:10D890004B49087016E0434A91881068FEF783FFF1
:10D8A000424A91881068FEF780FF42480078401C89
:10D8B000C0B240490870142804DB00200870012021
:10D8C0003F490870002036490870394908703A49C4
:10D8D000087061E03448B0F8400000F4805028B38C
:10D8E000304A91881068FEF75EFF31480078401C8E
:10D8F000C0B22F4908700A2812DB002008702B4A9A
:10D9000091881068FEF746FF28B1284A9188106870
:10D91000FEF749FF04E0254A91881068FEF745FFAD
:10D9200000201F4908702349087035E02548007819
:10D9300000BB1B480078401CC0B21949087005287C
:10D9400025DB00200870194A91881068FEF72BFF2C
:10D95000144A91881068FEF71DFF28B1114A91887A
:10D960001068FEF720FF12E00E4A91881068FEF75B
:10D970001CFF0CE00D4A91881068FEF716FF094A5B
:10D9800091881068FEF70FFF0020054908700020FD
:10D99000084908700649087010BD0000C102002047
:10D9A000C3020020D0000020E0030020C8000020B7
:10D9B000C2020020C4020020C8020020E0CF010102
:10D9C000C6020020D90100202848007801284CD147
:10D9D00026488078002848D12448407860B92348F8
:10D9E000C07848B92148C078401C2049C87001203F
:10D9F00048700020486088601C484078012816D193
:10DA00001A4841684068401C184A50601046C07867
:10DA1000C0EB001000EB4000B1EB401F03D9002029
:10DA200011464860487000201049886014E00020CA
:10DA30000E494860084681688068401C0B4A906027
:10DA40000B48814208D90020114688600846C078FA
:10DA5000401CC870012048700448C078052804DBC9
:10DA6000002002494870012088707047D8080020C3
:10DA700040FA010072B600BF00BF00BF00BF00BF88
:10DA8000BFF34F8F00BF00BF00BF0A48006800F41B
:10DA9000E06009490843001D0649086000BF00BF57
:10DAA00000BFBFF34F8F00BF00BF00BF00BF00BF6C
:10DAB000FDE700000CED00E00000FA0500BFFEE706
:10DAC0002DE9F04105460C4616461F46DDF8188044
:10DAD000224629464046F6F745FD08EB04003A4643
:10DAE0003146F6F73FFDBDE8F081704770B5002183
:10DAF00000230F22C47804B3154C246804F4E064B6
:10DB0000C4F5E064210AC1F10403CA40447804FA70
:10DB100003F184781440214309010E4C0678A15585
:10DB2000047804F01F050124AC4005786D11AD00A8
:10DB300005F1E025C5F8004109E0047804F01F056F
:10DB40000124AC40044D0678761145F8264070BD9E
:10DB50000CED00E000E400E080E100E0F8B50646EE
:10DB60000C461546ADF800408DF8035003208DF8A3
:10DB7000020069463046FEF771FDF8BD70B50646F5
:10DB80000025002406E03019FDF78CFEE1008840F6
:10DB90000544641C042CF6DB681C08B9002070BD29
:10DBA0002846FCE72DE9F0410125284807780320A5
:10DBB00026490870002443E02046E11704EB517128
:10DBC000C1F3C7060125E11704EB5171C910A4EB9D
:10DBD000C10105FA01F1CDB21D48805D2840A8427F
:10DBE0002AD11B48C01C50F8240028B318485330D1
:10DBF000005D012820D103211548533001551348F9
:10DC000080F88C4500F5B76252F82400283A52F8A3
:10DC1000241088470E48805D2840A84208D10C484F
:10DC20005330005D032803D10221094853300155C8
:10DC3000FF20064981F88C056806050E601CC4B2F9
:10DC40000A2CB9DB01480770BDE8F0817825002077
:10DC5000052B002070B5054600247548007800B1FA
:10DC600070BD744801780078401C724A1070092910
:10DC70006BDB0020114608706F48007848B16F4890
:10DC8000806A002805DC6D48006842F2283188422D
:10DC90000DD96B48007818B16848806A002806DD05
:10DCA000664890F8480000F01000102811D165482F
:10DCB00001880088401C634A108078290CDD002010
:10DCC000114608805D48806C40F080005B498864A4
:10DCD00002E000205B4908805848806C5A4908409F
:10DCE00090B15A480088401C80B258490880B0F56D
:10DCF000E16F0CDD5148806C40F080004F49886432
:10DD000000205249088002E0002050490880504815
:10DD10000078B8B14948006842F22831884211D8E9
:10DD20004C4801780078401C4A4A107078290CDD74
:10DD30000020114608704148806C40F080003F4947
:10DD4000886402E0002043490870434800780028B6
:10DD50005CD00020404908703848806C40F21F11A8
:10DD6000084060B13548006842F22831884206D840
:10DD700001203A49087000203949087019E02F48FD
:10DD8000006842F2283188420ED835480178007880
:10DD9000401C334A10700A290BDD01202F490870FE
:10DDA00000201146087004E000202C4908702C491E
:10DDB00008702C4A91881068FEF7ECFC30B32748B5
:10DDC000007818B32848007808B1FDF725FB1B48F8
:10DDD000B0F8440000F4804008B101F019FF234A74
:10DDE00091881068FEF7DFFC0121084600F0DEFE96
:10DDF0006420FDF780FB01F02DFF1A4A918810681E
:10DE0000FEF7D1FC40F6B830FDF775FB16480078F8
:10DE100060B90A48806C48B91548007830B9114A91
:10DE200091881068FEF7C1FC01F0AAFF00BF17E758
:10DE3000BB010020A3020020ED010020E003002030
:10DE4000EF0100209E0200201F011F00A002002001
:10DE5000FD010020A202002001020020A5020020F6
:10DE6000A402002010010020020200203001002046
:10DE7000F901002002460020044BD86A20F480609B
:10DE800020F4784010430843D862704700100240E5
:10DE900001460020034AD06A20F00F000843D062F8
:10DEA000704700000010024002460020064BD86A6E
:10DEB00020F4F87009B1104302E0104320F48070A0
:10DEC000014BD862704700000010024029B1064A99
:10DED00052690243044B5A6104E0034A5269824387
:10DEE000014B5A61704700000010024029B1064AF8
:10DEF000D2690243044BDA6104E0034AD2698243E7
:10DF0000014BDA61704700000010024029B1064A57
:10DF100012690243044B1A6104E0034A1269824306
:10DF2000014B1A61704700000010024029B1064AF7
:10DF300092690243044B9A6104E0034A9269824366
:10DF4000014B9A61704700000010024029B1064A57
:10DF5000D2680243044BDA6004E0034AD268824389
:10DF6000014BDA6070470000001002400149086070
:10DF70007047000080044242F0B5002100BF00223B
:10DF800000250024384E7668384F06EA0702364EE0
:10DF9000766806F4803502F000661EB9022606EBAC
:10DFA000924204E04FF4F876C6EB9246721C1DB91B
:10DFB0002F4E02FB06F30BE02B4E766806F400367C
:10DFC0001EB12C4E02FB06F302E02B4E02FB06F3C1
:10DFD000254E766806F00C0121B1042905D00829E8
:10DFE00008D105E0254E066007E0234E066004E0F8
:10DFF000036002E0214E066000BF00BF1A4E766843
:10E0000006F0F00109091E4E745C0668E6404660A1
:10E01000154E766806F4E061090A194E745C46688C
:10E02000E6408660104E766806F46051C90A144EC8
:10E03000745C4668E640C6600B4EF66A06F00F0157
:10E04000104E745C4668B6FBF4F64661064EF66AFE
:10E0500006F4F871090901F00F060B4F37F8164066
:10E06000B3FBF4F60661F0BD0010024000003C086E
:10E0700000093D00808D5B00001BB70000127A0094
:10E080008A3201089A320108AA32010810B5014605
:10E090000022002300204A11012A02D1094C2368E2
:10E0A00006E0022A02D1074C236A01E0054C636AAC
:10E0B00001F01F02012494401C400CB1012000E03B
:10E0C000002010BD001002402DE9F0474FF000097C
:10E0D000CA460125934890F8ED0528B900219148DA
:10E0E00080F8EE15BDE8F0878E48077805208D4949
:10E0F0000870084690F8EE0500287DD0002482E0E4
:10E100002046E11704EB5171C1F3C7060125E11761
:10E1100004EB5171C910A4EBC10105FA01F1CDB2B4
:10E120008148805D2840A8426BD17F483530005D32
:10E1300050B97D48173030F81410143820F81410F6
:10E140000021283001555CE04FF0000852E076488D
:10E15000C01C30F81400F0B97348173030F81410B0
:10E16000143820F814103230005D022803D1012148
:10E170006D48353001556C482B30005D401CC1B2F4
:10E1800069482B300155005DC8282FDDC82166483D
:10E190002B3001552AE06448C01C30F81400401EA2
:10E1A00081B26148C01C20F8141030F81400E8B99E
:10E1B0005D48173030F81410143820F8141032303D
:10E1C000005D022803D101215748353001555648DA
:10E1D0002B30005D401CC1B253482B300155005D0F
:10E1E000C82803DDC82150482B30015508F1010033
:10E1F00000F0FF084B4800E00CE090F8EE054045C9
:10E20000A5DC601CC4B20A2CFFF67AAF0021454899
:10E2100080F8EE1544482B3044490978405C0028CA
:10E220006DD04148353041490978405C012866D1BC
:10E230003D4841303D49097850F8210000285ED022
:10E24000394841303949097850F821902830374908
:10E25000097850F821A003213438344A12788154C7
:10E26000324800782F4981F8EC055046C8472E48BF
:10E270002B302E490978405C401EC1B22A482B3011
:10E280002A4A12788154FF20264981F8EC05274953
:10E290000878C11700EB5171CE1001252349087889
:10E2A000C11700EB5171C910A0EBC10105FA01F1D2
:10E2B000CDB21D48805D2840A84220D1FF201949D9
:10E2C00081F8EC050846077000F2246017490978C8
:10E2D000405C032813D114482B3014490978405C62
:10E2E00030B9022110483530104A1278815406E0C6
:10E2F00001210D4835300D4A12788154F2E60B4861
:10E300000078401C09490870084600780A2801DB9B
:10E3100000200870FF20034981F8EC0508460770CB
:10E3200000BFDFE678250020672B00205B0100207E
:10E33000014600BF080900EB8000420001F00F0019
:10E340001044C0B270470146002204E0501CC2B223
:10E35000A1F10A00C1B20A29F8DA100741EA1060F7
:10E36000704700002DE9F04105460C4600260027C5
:10E370004DB92F48006800F0400000B102E00020D5
:10E38000E07000BF0DE02A48006800F0400020B1B6
:10E390002078FFF7CDFF064602E00020E07000BFC6
:10E3A00000BF55B120780004617840EA0120A178CF
:10E3B0000843E17840EA014611E02078FFF7C3FF07
:10E3C0004FEA00486078FFF7BEFF48EA0028A078CF
:10E3D000FFF7B9FF48EA0008E07848EA0046CA209B
:10E3E00013491C3108605320086000F025F808B973
:10E3F000002713E00F4830400D490839086000F04D
:10E4000043F80B48006800F0200030B900F02AF90A
:10E4100008B9002702E0012700E00127FF20044996
:10E420001C31086000F01EF907463846BDE8F0814F
:10E43000082800407F7F7F0008B50022009200205E
:10E440000021104A126802F04002CAB980220D4B26
:10E450001A6000BF0B4A126802F04001009A521C79
:10E460000092009AB2F5005F01D00029F2D0054A6F
:10E47000126802F040020AB1012002E0002000E030
:10E48000012008BD0C2800400348006820F08000EF
:10E4900001490860704700000C2800402DE9F04158
:10E4A00005460C46002600274DB9607800F01000A4
:10E4B000102804D1607820F010000A30607005B98F
:10E4C00008E06078FFF734FF0646A078FFF730FFDA
:10E4D000064600BF55B1E0780004617840EA0120AB
:10E4E000A1780843217840EA413611E0E078FFF74F
:10E4F0002AFF4FEA00486078FFF725FF48EA002826
:10E50000A078FFF720FF48EA0008207848EA403664
:10E51000CA201349086053200860FFF78DFF08B92F
:10E52000002714E00F4830400D4920390860FFF7FC
:10E53000ABFF0B481C38006800F0200030B900F039
:10E5400091F808B9002702E0012700E00127FF2029
:10E550000349086000F086F807463846BDE8F081B8
:10E56000242800403FFFFF001CB50446208864219A
:10E5700090FBF1F201FB12000A2190FBF1F201FB8A
:10E5800012002188642291FBF2F302FB13110A228C
:10E5900091FBF2F140EA0110C0B28DF80300A078BF
:10E5A0000A2190FBF1F201FB1200A1780A2291FBF3
:10E5B000F2F140EA0110C0B28DF8010020790A2181
:10E5C00090FBF1F201FB120021790A2291FBF2F19A
:10E5D00040EA0110C0B28DF80200E0780A2190FBF9
:10E5E000F1F201FB1200E1780A2291FBF2F140EA1C
:10E5F0000110C0B28DF8000060790A2190FBF1F2A1
:10E6000001FB120061790A2291FBF2F140EA01104C
:10E61000C0B28DF80400A0790A2190FBF1F201FB51
:10E620001200A1790A2291FBF2F140EA0110C0B276
:10E630008DF80500E0790A2190FBF1F201FB120050
:10E64000E1790A2291FBF2F140EA0110C0B28DF8A3
:10E65000060069460020FFF721FF01A90020FFF70F
:10E6600081FE1CBD08B50022009200200021CA22B4
:10E67000134B1A6053221A60114A183A126822F09A
:10E6800020020F4B183B1A6000BF0D4A183A12685F
:10E6900002F02001009A521C0092009AB2F5004F3D
:10E6A00001D00029F1D0064A183A126802F020027F
:10E6B0000AB1012000E00020FF22014B1A6008BDD2
:10E6C0002428004070477047704770472DE9FC418F
:10E6D00006460C46012500200090019000273620B8
:10E6E0008DF800008DF8016037208DF802009DF84C
:10E6F000001001230DF101021148FEF74AFC05400C
:10E700009DF8001003230DF103020D48FEF724FCD1
:10E710000540072203210DF10200F9F73DFB0746F2
:10E720009DF80500B84201D0002505E09DF80300E2
:10E7300020709DF8040060702846BDE8FC81000050
:10E7400000580040F8B504460D4601260027362043
:10E750008DF800008DF801408DF80250072203214A
:10E760006846F9F719FB8DF803009DF800100323A4
:10E770000DF101020148FEF70CFCF8BD0058004005
:10E780007047000000B5A5B0002022902390102112
:10E790001F48F9F723FB249002A810231C4A0221EA
:10E7A000009024A8FFF78CF912221A4902A8FDF75D
:10E7B00083F840211848F9F711FB249002A8402360
:10E7C000154A0221009024A8FFF77AF94222114944
:10E7D000203102A8FDF770F810480078104908733E
:10E7E00010480078487310210D48F9F7F7FA249083
:10E7F00002A810230A4A0221009024A8FFF760F91A
:10E8000012220449803102A8FDF756F825B000BD58
:10E810001808002000F20308980800207E0100205C
:10E82000D80800207401002070B501252A4890F80E
:10E830002105012802D0FFF7B5F970BD002447E09B
:10E840002046E11704EB5171C1F3C7060125E1171A
:10E8500004EB5171C910A4EBC10105FA01F1CDB26D
:10E860001E48805D2840A8422CD11C48801D50F8CD
:10E87000240038B319485630005D012822D1042005
:10E88000154908700321154856300155124880F883
:10E89000204500F5A56151F8240080470F48805DB0
:10E8A0002840A84208D10D485630005D032803D106
:10E8B00001210A4856300155FF20074981F82005FB
:10E8C00000200870FFF76EF96806050E601CC4B2E0
:10E8D000142CB5DB00BFB0E7782500209A2A002071
:10E8E00070B504460B46082A01DB002070BD0021EC
:10E8F00054E02E4830F9310098424DDB2C48805CC2
:10E90000884216D0294830F9310098420DDB294859
:10E91000855C805C401C274EB054962D0CDD002099
:10E920003546A8542248815406E00020214DA854C1
:10E9300002E000201F4DA85402EB42001E4D05EBE3
:10E940004010B0F85200282809DA1948805C174DA9
:10E9500005EBC0004088194D25F812001BE002EBC2
:10E960004200154D05EB4010B0F85200502809DA6E
:10E970000F48805C0D4D05EBC00080880F4D25F8D9
:10E98000120008E00A48805C084D05EBC000C08812
:10E990000A4D25F8120003E0481CC1B20429A8DB87
:10E9A00000BF064830F81200A0E70000343201082A
:10E9B0006A03002072030020400400202C2D002058
:10E9C00070B504460B46082A01DB002070BD00210B
:10E9D00048E001EB4100274D35F9100098423FDB3C
:10E9E0002548805C884217D001EB410035F91000C2
:10E9F00098420DDB2148855C805C401C1F4EB05462
:10EA0000962D0CDD00203546A8541B48815406E0A5
:10EA100000201A4DA85402E00020184DA85402EB23
:10EA20004200174D05EB4010B0F8520005280BDAF4
:10EA30001148805C00EB40000E4D05EB4000408823
:10EA4000104D25F812000AE00B48805C00EB4000F6
:10EA5000084D05EB400080880A4D25F8120003E0C0
:10EA6000481CC1B20429B4DB00BF064830F81200CC
:10EA7000ACE70000543201087A0300208203002032
:10EA8000400400203C2D00202DE9F04100BF00BFD4
:10EA900000BF00BF00BF00BF2C4880784C2813D1B6
:10EAA0002A48007931280FD12848407932280BD1E3
:10EAB00026488079312807D12448C079302803D1ED
:10EAC0002248007A302803D000202149087002E053
:10EAD00001201F4908701D480E30F6F707FA074657
:10EAE00001211A480F30F6F7C8F9C4B217481030A0
:10EAF000F6F79FF9054615481130F6F7B1F94FF4CE
:10EB00007A7110FB01F811481230F6F7A9F900EB01
:10EB1000C00101EB001008EB80080C481330F6F739
:10EB20009FF900EB800008EB400808481430F6F726
:10EB300097F908EB0006F80540EAC44040EA853042
:10EB4000304304490860BDE8F0810000E808002077
:10EB5000D90100200C00002010B5C2B004468C2260
:10EB600021460B48F5F7FEFC8C210948F9F736F9E8
:10EB7000419001A88C23064A0221009041A8FEF78B
:10EB80009FFF8E22034901A8FCF796FE42B010BDFC
:10EB90008C07002000F0030830B500220023016834
:10EBA000014C0568E56430BDE0030020202800DD4D
:10EBB000704739B101228240074B1B681A43064B4C
:10EBC0001A6006E001228240034B1B689343024A0D
:10EBD000136000BFECE700003003002010B58AB0DE
:10EBE0000446194821680160616841600821F9F70D
:10EBF000F5F8099001A80823134A0221009009A8FA
:10EC0000FEF75EFF0A22114901A8FCF755FE1048E5
:10EC1000406D0D49496848436421B0FBF1F00D494E
:10EC200008600D480088096848436421B0FBF1F092
:10EC30000A490860084600684FF461614843084982
:10EC400008600AB010BD00001400002030F1030875
:10EC5000E00300209001002018080020940100200B
:10EC6000880100202DE9F04F0746884691461D4651
:10EC7000DDF824B04FF0010A2348FDF7AFFE04464B
:10EC8000402C3EDA2046E11704EB5171C1F3C70670
:10EC9000E11704EB5171C910A4EBC1010AFA01F1AB
:10ECA00001F0FF0A1848C01C815D41EA0A01815544
:10ECB00000F2492040F8247000F5807040F824806C
:10ECC0001920B9FBF0F081B20F484C3020F8141035
:10ECD0001920B5FBF0F081B20B48CC3020F81410AD
:10ECE0001920B5FBF0F081B2084820F81410C030AC
:10ECF00000F804B0A0F201200A9901552046BDE8B1
:10ED0000F08FFF20FBE700004C2600209827002012
:10ED10002DE9F04306460F4690464FF00109194889
:10ED2000FDF782FE0446102C29DA2046E11704EB99
:10ED30005171C1F3C705E11704EB5171C910A4EB80
:10ED4000C10109FA01F101F0FF090E48801C415D83
:10ED500041EA09014155423040F82460403040F812
:10ED600024701920B8FBF0F081B20648143020F866
:10ED700014100221103801552046BDE8F083FF2011
:10ED8000FBE700008825002010B58CB00446206801
:10ED90000A90BDF82800012818D1BDF82A000128E2
:10EDA00014D11548216801600421F9F717F80B9078
:10EDB00002A80423104A022100900BA8FEF780FE4F
:10EDC00006220E4902A8FCF777FD13E00A482188C5
:10EDD00001800421F9F702F80B9002A80423064AE7
:10EDE000022100900BA8FEF76BFE0622034902A841
:10EDF000FCF762FD0CB010BD2C00002020F30308CE
:10EE00002DE9F043B5B0054600260027B046B146CF
:10EE10004C22294621A8F5F7A5FBBDF8CE0042F209
:10EE20001171884206D1E548C06B40F48040E34947
:10EE3000C86305E0E148C06B20F48040DF49C86347
:10EE4000DE48808F00F4804000287DD000241EE042
:10EE500022A830F81410DA4830F81400814214D097
:10EE600022A830F8140042F2107188420DD0D34825
:10EE7000083030F8140022A931F814104843D04962
:10EE800031F8141090FBF1F086B2601CC4B2102C63
:10EE9000DEDB00241FE030A830F81410C8483830FA
:10EEA00030F81400814214D030A830F8140042F237
:10EEB000107188420DD0C1482C3030F8141030A8A1
:10EEC00030F814000144BE48383030F81400081AF5
:10EED00007B2601CC4B2052CDDDBBDF88600B84962
:10EEE000091F498888420FD0BDF8860042F2107190
:10EEF000884209D0B1484068BDF886104843B049FF
:10EF0000091F4988B0FBF1F8BDF88400AC49091F1E
:10EF1000098888420FD0BDF8840042F210718842FF
:10EF200009D0A6480068BDF884104843A449091FC9
:10EF30000988B0FBF1F9BDF8A80042F210718842CF
:10EF400019D1BDF8AC0000E025E0884213D1BDF82E
:10EF5000AA0080B9BDF8AE0068B9BDF8B00088421B
:10EF600009D1BDF8B400884205D1BDF8B20010B98E
:10EF7000BDF8B60018B101209249087005E091482B
:10EF8000007810B100208F4908704C2221A98C48CC
:10EF9000001FF5F7E7FA8948808F00F480400028C9
:10EFA00073D1BDF9AA00B0F57A7F04DCBDF9AA00DF
:10EFB00010F57A7F0DDABDF9AA00B0F57A7F04DD8D
:10EFC00040F2B630ADF8AA0003E04FF64A40ADF883
:10EFD000AA00BDF9B200B0F57A7F04DCBDF9B20039
:10EFE00010F57A7F0DDABDF9B200B0F57A7F04DD55
:10EFF00040F2B630ADF8B20003E04FF64A40ADF84B
:10F00000B200BDF9BA00B0F57A7F04DCBDF9BA00F0
:10F0100010F57A7F0DDABDF9BA00B0F57A7F04DD1C
:10F0200040F2B630ADF8BA0003E04FF64A40ADF812
:10F03000BA00BDF9AE00B0F57A7F04DCBDF9AE00D0
:10F0400010F57A7F0DDABDF9AE00B0F57A7F04DDF8
:10F0500040F2B630ADF8AE0003E04FF64A40ADF8EE
:10F06000AE00BDF9B600B0F57A7F04DCBDF9B6009C
:10F0700010F57A7F0EDABDF9B600B0F57A7F05DDBE
:10F0800040F2B630ADF8B60004E094E04FF64A40E6
:10F09000ADF8B600BDF9BE00B0F57A7F04DCBDF96D
:10F0A000BE0010F57A7F0DDABDF9BE00B0F57A7FAB
:10F0B00004DD40F2B630ADF8BE0003E04FF64A4042
:10F0C000ADF8BE004C2221A93D48001FF5F74AFAD1
:10F0D0004C213B48001FF8F781FE349001A84C23D7
:10F0E000374A121F0221009034A8FEF7E9FC4E2295
:10F0F000354901A8FCF7E0FB3148001F008842F2C7
:10F10000107188420ED02E48001F4088884209D0D6
:10F1100001202E4908702948C06B40F4004027495F
:10F12000C86308E00020294908702448C06B20F417
:10F1300000402249C8632248001F808C42F21071AF
:10F14000884203D11E48001FC08C00B31C48001F1A
:10F15000808D42F21071884203D11948001FC08D82
:10F16000A8B11748001F008D42F21071884203D1E8
:10F170001348001F408D50B11148001F008E42F20D
:10F18000107188420DD10E48001F408E48B90020F2
:10F190000F4908700948C06B20F480300749C863E4
:10F1A00008E001200A4908700448C06B40F4803030
:10F1B0000249C86300BF35B0BDE8F083E00300201A
:10F1C000440700201B030020C0F0030809020020B0
:10F1D0000A02002010B58AB00446102221461E48BB
:10F1E000F5F7C0F910211C48F8F7F8FD099001A8BF
:10F1F0001023194A0221009009A8FEF761FC12228F
:10F20000164901A8FCF758FB134800881449A1F8D7
:10F2100052001148406848650846406D11494968E8
:10F2200048436421B0FBF1F00F4908600A480088A8
:10F23000096848436421B0FBF1F00C4908600648B6
:10F2400080680968C1EB4112C2EB012100EB01109B
:10F25000074908600AB010BD1808002000F2030832
:10F26000E003002014000020900100209401002001
:10F270008801002010B58AB004460C48216801605E
:10F28000616841600821F8F7A9FD099001A80823E9
:10F29000064A0221009009A8FEF712FC0A2204493E
:10F2A00001A8FCF709FB0AB010BD000030000020E7
:10F2B00040F1030810B58AB004460C48216801608B
:10F2C000616841600821F8F789FD099001A80823C9
:10F2D000064A0221009009A8FEF7F2FB0A2204491F
:10F2E00001A8FCF7E9FA0AB010BD00001C000020DC
:10F2F00020F10308F0B504460D461646012300210F
:10F3000028E00846CF1701EB5777C7F3C702012360
:10F31000CF1701EB5777FF10A1EBC70703FA07F7E9
:10F32000FBB20E48805C184090B90C485330405CEA
:10F3300003280DD00948875C1F438754C01C40F840
:10F340002140283040F82150283046540846F0BD6E
:10F35000481CC1B20A29D4DBFF20F8E7052B0020A6
:10F3600070B503460C4601210A2B23DA1846DE1736
:10F3700003EB5676C6F3C70500BFDE1703EB5676E0
:10F38000F610A3EBC60601FA06F6F1B20A48405D94
:10F39000084088420CD10848C01C50F8230038B1FE
:10F3A00005485330C254283840F82340184670BDF1
:10F3B000FF20FCE7FF20FAE7052B002070B504468C
:10F3C0000D460123002120E00846CE1701EB5676BA
:10F3D000C6F3C7020123CE1701EB5676F610A1EB58
:10F3E000C60603FA06F6F3B20A48805C184050B924
:10F3F0000848865C1E438654801D40F821405030EA
:10F400004554084670BD481CC1B21429DCDBFF20FE
:10F41000F8E700009A2A002010B592B004461E2298
:10F4200021460C48F5F79EF81E210A48F8F7D6FC4D
:10F43000119001A81E23074A0221009011A8FEF78F
:10F440003FFB2022044901A8FCF736FAFFF71CFB1A
:10F4500012B010BDE808002060F1030806490988D1
:10F460004FF6FF7202EA0111034A11801146098822
:10F470000143118070470000AA0000200EB5002152
:10F4800002910191009100203149096841F48031D5
:10F490002F4A116000BF2E490968C1F34041019114
:10F4A0000099491C00919DF8041019B90099B1F513
:10F4B000004FF0D126490968C1F3404101919DF800
:10F4C000041019B92349244A11600EBD2349086864
:10F4D00020F0070040F0010008601D4949681C4AFF
:10F4E00051601146496851601146496851600020D9
:10F4F000114648681A4908400290029941F4803147
:10F500000291029941F400310291029941F4801173
:10F510000291029951601146096841F080711160B1
:10F5200000BF0B49096801F000710029F9D00020E3
:10F530000749486820F0030040F00200486000BF1F
:10F540000349496801F00C010829F9D100BFBCE763
:10F550000010024000127A00DC030020002002406C
:10F56000FFFFC0F71CB5044620680090606801905A
:10F570006846FEF7F9FF1CBD00200021104AD26941
:10F5800042F080520E4BDA610E4A1168C1F30461F9
:10F590000D4AD06820F47870891C29B11F2903D244
:10F5A00040EA4110D06003E040F47870064AD06031
:10F5B000034AD26922F08052014BDA6170470000A1
:10F5C00000100240001800400070004010B500F02C
:10F5D000C1FB0749087000F0C5FB0649087000F040
:10F5E000A9FB0549087000F0ADFB0449087010BD87
:10F5F000FB010020FD0100207001002071010020AE
:10F6000010B504460748007800B110BD00F00CFCAE
:10F61000F7F72EFAF7F7CAF9F7F752F8FFF7D6FF20
:10F6200000BFF2E7BB0100202DE9F04104464FF096
:10F6300000080025002701267F48C07C00F001005B
:10F6400008B1BDE8F08184BB00207C4908807C497A
:10F6500008707948807CC0F34010F8B90021072079
:10F66000FFF770F8064000210820FFF76BF806400E
:10F6700074490420FFF72AF87248001F007940F00F
:10F6800004010420FFF75EF8012E0DD16A48807C4A
:10F6900020F0200020306849887405E06648807CAE
:10F6A00000F0E00064498874CBE7FFE76448007825
:10F6B000401C6349087008460078092813DA61493C
:10F6C0000420FFF703F85F48001F007920F00401D1
:10F6D0000420FFF737F85848807C20F00400001D14
:10F6E000554988741DE056480078092807D15248CA
:10F6F000807C20F0100010304F49887411E0504891
:10F7000000780A280DD100204D4908704A48807CB5
:10F7100020F01000484988740846807C20F00400DE
:10F7200088744548807C20F020004349887408464E
:10F73000807CC0F3001020B90846807CC0F38000B4
:10F7400020B900210820FEF7FDFF7AE745F2555069
:10F75000204038B13848807C20F00100401C3649F8
:10F76000887405E03448807C20F0010032498874B8
:10F770004AF6AA20204038B12F48807C20F00200B1
:10F78000801C2D49887405E02B48807C20F0020005
:10F79000294988742848807C00F00300032820D180
:10F7A00026480088401C254908800846008896287D
:10F7B00007DA2148807C20F0080008301E49887450
:10F7C00025E01E480088B0F5967F06DA1A48807C4E
:10F7D00020F008001849887419E0002017490880B3
:10F7E00015E00020154908801348807C00F00100D6
:10F7F00038B11148807C20F0080008300E49887428
:10F8000005E00D48807C20F008000B4988746006F4
:10F81000070E07F01F050848807CC0F3C00010B138
:10F8200005F00A0501E005F0140529460820FEF759
:10F8300089FF00BF05E70000741000205001002080
:10F84000520100206810002010B501241D4900203D
:10F85000FEF73CFF044084B900201B4908701B4898
:10F860000078401CC0B219490870082823DD082020
:10F8700008700120164908741DE000201349087023
:10F8800011480078401CC0B20F490870082804DDF8
:10F890000820087000200E4908740A484078C0F318
:10F8A000800040B10748407820F0040005494870C6
:10F8B00000F05EFB00240648007C012800D10024F3
:10F8C000204610BD641000204A010020490100209C
:10F8D0007410002070B50125C648807CC0F38000FC
:10F8E00000B170BDC448007828B90020C349088021
:10F8F0000120C1490870C048007807287ED2DFE89F
:10F9000000F07D0420889CB8F500BA48C07C20F047
:10F910000100401CB749C8740A210820FEF712FFF5
:10F9200005400120B6490870012D06D10220B249D8
:10F9300008700020B349088002E00720AE49087033
:10F940003EE1AC48C07C20F00100AA49C874AD4833
:10F950000088401CAB49088008460088072818DA50
:10F96000002413E0204604EBD0714910A4EB4101C0
:10F9700051B9A04830F81400B42805DAA248005D57
:10F98000401CA149085503E0601CC4B2042CE9DB0B
:10F990003EE000209B490880002418E09A48005D62
:10F9A00004280ADB9348C07C20F040004030914995
:10F9B000C8740620904908700BE09348005D20B998
:10F9C00092480078401C91490870601CC4B2042C15
:10F9D000E4DB00BF8D480078042812D1032086495B
:10F9E00008708448C07C20F040008249C874002020
:10F9F0008449088084490870487000E0C5E0887038
:10FA0000C87000210820FEF79DFE00207F49087085
:10FA1000D6E07848C07C20F001007649C874794867
:10FA20000088401C80B277490880032804DB00204E
:10FA30000880042070490870C2E06E48C07C20F045
:10FA40000100401C6B49C87414210820FEF77AFE9F
:10FA5000054001206A490870012D06D1052066493C
:10FA6000087000206749088002E00720624908709A
:10FA7000A6E06048C07C20F001005E49C87461487F
:10FA80000088401C5F49088008460088072819DA6A
:10FA9000002414E0204604EBD0714910A4EB41018E
:10FAA00000290ADD534830F81400B42805DA564816
:10FAB000005D401C5449085503E0601CC4B2052C8D
:10FAC000E8DB3DE000204F490880002419E04E4863
:10FAD000005D04280BDB4748C07C20F080008030AC
:10FAE0004449C8740620444908700CE029E046489F
:10FAF000005D20B945480078401C44490870601CEE
:10FB0000C4B2042CE3DB00BF40480078042810D1C5
:10FB10000620394908703748C07C20F080003549FC
:10FB2000C8740020374908803749087048708870C9
:10FB3000C87000210820FEF705FE00203349087038
:10FB40003EE02C48C07C20F001002A49C8740846D9
:10FB5000C07CC0F3801050B90846C07CC00930B9E1
:10FB60000720254908700020264908800CE0254818
:10FB70000088401C80B223490880032804DB002051
:10FB8000088007201C4908701AE000201A490870F4
:10FB90001D49087048708870C8701648C07C20F0F5
:10FBA00001001449C87400201549087017490870ED
:10FBB0001048C07C20F03C00001D0E49C87400BFF6
:10FBC00000BF0C48C07CC0F3801050B90948C07C0D
:10FBD000C00930B90748C07C20F002000549C8744C
:10FBE00006E00448C07C20F00200801C0149C87473
:10FBF00000BF76E6741000204B0100204E0100206B
:10FC00003A0100204C0100203B0100203F01002070
:10FC100010B50F490420FEF759FD0D48001F00796B
:10FC200040F080000A49091F087108460179042044
:10FC3000FEF788FD0648001F007920F08000044987
:10FC4000091F0871084601790420FEF77BFD10BDED
:10FC5000681000202DE9F0410125002600274FF013
:10FC6000000800241AE00125332631460D20FEF756
:10FC700069FD0540202739460420FEF763FD054055
:10FC800005B10DE04FF47A7800BFB8F10000A8F19B
:10FC900001011FFA81F8F8D1601CC4B2032CE2DB29
:10FCA00000BF032C02D10020BDE8F0810120FBE75A
:10FCB00070B50446002500261A48407900F0030676
:10FCC000A64201D0012500E070BD04F0010038B16A
:10FCD0001448407920F00100401C1249487105E0A9
:10FCE0001048407920F001000E49487104F00200EC
:10FCF00038B10C48407920F00200801C0949487155
:10FD000005E00848407920F0020006494871012DBD
:10FD100006D1044841790520FEF714FD00B1002505
:10FD200000BFD1E7641000200148C06870470000A0
:10FD30007410002002488078C0F300107047000063
:10FD40006410002002488078C0F340107047000023
:10FD50006410002002480078C0F380007047000063
:10FD60006410002002480078C0F3C0007047000013
:10FD70006410002010B5FCF7E9FE00F0F9F810BDA2
:10FD800010B500F089F910BD2DE9F843002000906E
:10FD900000244FF4005600258046002769462A209B
:10FDA000FEF794FC08B9BDE8F883BDF80000000236
:10FDB000BDF8001000EB2120C0F30C0404F48050C7
:10FDC00020B144F460440127604284B21348407A71
:10FDD0000121B1EB901F01D18E030FE00F48407A53
:10FDE0000221B1EB901F01D18E0307E00B48407A4E
:10FDF0000321B1EB901F01D14FF480360848B0FBCE
:10FE0000F6F0400800FB04F517B90648C56002E0AB
:10FE100068420449C86000BFC5E7000064100020C4
:10FE2000809698007410002010B5FFF70DFD00B902
:10FE300010BD10490220FEF749FC0E49891C042020
:10FE4000FEF744FC0B49091D0620FEF73FFC09495B
:10FE5000491E0120FEF73AFC0649891D0820FEF7DD
:10FE600035FC00F049F800F007F8FFF78DFF00BF00
:10FE7000DEE7000066100020F8B5002500200090A5
:10FE8000002600242FE060002230C7B269463846C1
:10FE9000FEF71CFC00B3BDF800000002BDF8001026
:10FEA00000EB2120C0F30B05B5F5805F07DA42F2C5
:10FEB00010706843C5F5805190FBF1F603E042F203
:10FEC000107005FB00F63046F7F7A8FF41B207486F
:10FED000015514B90648066003E0012C01D105481C
:10FEE0000660601CC4B2022CCDDBF8BD7E10002081
:10FEF0004001002044010020F8B500260025002024
:10FF00000090FCF7F7FC012802D01648007840B3B7
:10FF1000002424E060001030C6B269463046FEF787
:10FF2000D5FBD0B1BDF800000002BDF8001000EB19
:10FF30002120C0F30B0540F2771015FB00F0C0F351
:10FF40000F20094921F814000648007828B908460E
:10FF500030F81400054921F81400601CC4B2042CC8
:10FF6000D8DBF8BD3A010020741000208810002072
:10FF70002DE9F04F85B003240025012004900020D6
:10FF800002900390002600278046814682468346E1
:10FF90000190009000BF56B9002529460320FEF7C6
:10FFA000D1FB012802D10324012600E064E05FB9FF
:10FFB0004F2529460420FEF7C5FB012803D1032461
:10FFC0000127002500E057E0B8F1000F0AD1002515
:10FFD00029460520FEF7B6FB012802D103248046FE
:10FFE00000E049E0B9F1000F0BD1F82529460620C1
:10FFF000FEF7A8FB012803D103248146002500E079
:020000040801F1
:100000003AE0BAF1000F0BD1842529460920FEF70A
:1000100099FB012803D103248246002500E02BE050
:10002000BBF1000F0BD1602529460A20FEF78AFBA1
:10003000012803D103248346002500E01CE0019839
:1000400058B9022529460B20FEF77CFB012803D175
:1000500003240190002500E00EE0009858B9902597
:1000600029460C20FEF76EFB012803D103240090E3
:10007000002508E000E000BF201EA4F10101CCB281
:1000800001D0012C87DA00BF032C01DA0020049094
:10009000049805B0BDE8F08F2DE9F04F85B003243A
:1000A00000250120049000200290039000260027E4
:1000B00080468146824683460190009000BF56B933
:1000C000002529460320FEF73DFB012802D1032429
:1000D000012600E068E05FB94F2529460420FEF7BD
:1000E00031FB012803D103240127002500E05BE058
:1000F000B8F1000F0ED13448407900F003052946CD
:100100000520FEF71FFB012803D1032480460025AC
:1001100000E049E0B9F1000F0BD1F825294606208F
:10012000FEF710FB012803D103248146002500E0DF
:100130003AE0BAF1000F0BD1842529460920FEF7D9
:1001400001FB012803D103248246002500E02BE0B7
:10015000BBF1000F0BD1602529460A20FEF7F2FA09
:10016000012803D103248346002500E01CE0019808
:1001700058B9022529460B20FEF7E4FA012803D1DD
:1001800003240190002500E00EE0009858B9902566
:1001900029460C20FEF7D6FA012803D1032400904B
:1001A000002508E000E000BF201EA4F10101CCB250
:1001B00001D0012C83DA00BF032C01DA0020049067
:1001C000049805B0BDE8F08F6410002000B5034925
:1001D00046F2A81000F09AF800BD0000E1C800083F
:1001E000014601208840044A1268104008B10120ED
:1001F00070470020FCE70000A803002039B101226D
:100200008240074B1B681A43054B1A6006E0012227
:100210008240034B1B689343014A13607047000000
:10022000A803002010B5FDF797FAF8F787FD0348FB
:100230000068401C0149086010BD00000C0300204C
:1002400010B52948006840F4700027490860274825
:10025000006840F0010025490860084640682449CC
:1002600008402249486008460068224908401F4962
:1002700008600846006820F480200860084640684E
:100280001D490840194948604FF46050C8624FF456
:10029000615008634FF41F0088600846C06940F051
:1002A0008050C8611548C06840F001001349C8601B
:1002B0000E48C06920F080500C49C86110480068A1
:1002C00040F090000E490860FFF7D8F84FF000604A
:1002D0000549803908600B4800680B49884201D005
:1002E000FFF74AF910BD000088ED00E00010024061
:1002F00000C0FFF8FFFFF6FEFFFF00F700700040B0
:100300000020024098F2FF1F424B524970B505464B
:100310000E460020704981F88406C1F88806084618
:1003200085606E48B0FBF5F0C8600846C0F88C6682
:10033000002008700021684880F8D610012180F85C
:10034000D510FF20644981F8D400002405E0002185
:100350006148D7300155601CC4B2082CF7DB00247B
:1003600014E000215E4820F81410803020F81410AA
:1003700080300155803040F8241000F5807040F83E
:100380002410A0F5A0700155601CC4B2402CE8DB1D
:100390000021514880F8EE15012180F8ED15FF206D
:1003A0004D4981F8EC0500214B48C0F88016002427
:1003B00004E000214B480155601CC4B2022CF8DB5C
:1003C000002413E000214748C01C20F8141014300A
:1003D00020F8141014300155163040F8241028303D
:1003E00040F8241034380155601CC4B20A2CE9DBF3
:1003F000002139484174FF2037490874002405E082
:100400000021354812300155601CC4B2022CF7DBC4
:10041000002410E000213048243020F8141020304F
:100420000155103040F82410403040F82410803836
:100430000155601CC4B2102CECDB0121264880F869
:100440002115FF20244981F82005002405E0002122
:100450002448CD380155601CC4B2032CF7DB0024BE
:1004600008E000211F48C73840F8241050300155DB
:10047000601CC4B2142CF4DBFF20174981F88C05F2
:10048000002405E00021174862380155601CC4B201
:10049000022CF7DB002408E0002112485F3840F806
:1004A000241050300155601CC4B20A2CF4DB012129
:1004B0000D48FEF783FF01210C48FEF77FFF012165
:1004C0000B48FEF77BFF01210A48FEF777FF0A4839
:1004D0000149486070BD00007825002040420F00AF
:1004E00018270020672B002035B5000879AB0008DD
:1004F000C9E00008FD040108A0BB0D0010B5374994
:10050000D1F88C06804736490968884204D93548B5
:100510000068401C334908603049D1F88C06804798
:100520002F4908600846006800F058FB2B4989688D
:100530002C4A126802FB01002849C1F888060846C7
:10054000D0F888068968B0FBF1F0274908600846B2
:1005500000682649096888421ED02348006823495C
:100560000968884218D92048007820490978401A3B
:10057000C1B21A4841741C4800781C490978401AD5
:10058000C1B2164880F8D610D0F888061349896899
:10059000B0FBF1F0154908601048D0F88006C0792A
:1005A00013490978884208D001210C4880F8EE15DB
:1005B000D0F88006C0790E4908700848D0F888063F
:1005C0000C49884209D900200449C1F88806044929
:1005D0000860044908600549086010BD78250020BE
:1005E0005C010020600100206801002064010020FF
:1005F0006C01002000E1F505FE49097801B1704762
:10060000FD49B1F8401001F4807121BBFA49B1F8FD
:10061000501001291BD1F949B1F90010F84AB2F97B
:100620006820914213DBF7490978491CC9B2F54AA1
:100630001170022925DD002111700121F24A11708B
:10064000ED49096C41F48071EB4A116419E0002115
:10065000EC4A117015E0E849B1F85010012907D1B2
:10066000E649B1F90010E64AB2F96A20914208DC85
:100670000021E54A1170E049096C21F48071DE4ADD
:100680001164DD49B1F8441001F4807121BBDA49ED
:10069000B1F8501001291BD1D849B1F90010D84A3E
:1006A000B2F96C20914213DBD8490978491CC9B2D0
:1006B000D64A1170032925DD002111700121D44A89
:1006C0001170CD49496C41F48071CB4A516419E0F5
:1006D0000021CE4A117015E0C749B1F85010022927
:1006E00007D0C649B1F90010C54AB2F96E2091424F
:1006F00008DC0021C64A1170BF49496C21F48071A1
:10070000BD4A5164BC49B1F8401001F4806129BB75
:10071000B949B1F8501001291CD1BE49B1F90010F6
:10072000B74AB2F97820914214DCBB490978491CD8
:10073000C9B2B94A1170022926DD0121B74A1170E8
:100740000021B54A1170AC49096C41F48061AA4A94
:10075000116419E00021B04A117015E0A649B1F802
:100760005010012907D1AB49B1F90010A44AB2F9E0
:100770007A20914208DB0021A84A11709E49096C39
:1007800021F480619C4A11649B49B1F8441001F442
:10079000806139BBA249097821BB9749B1F8501053
:1007A00001291BD19B49B1F90010954AB2F97C206F
:1007B000914213DC9B490978491CC9B2994A1170CE
:1007C000032935DD002111700121974A11708A49F2
:1007D000496C41F48061884A516429E00021914AC2
:1007E000117025E08B49B1F90010854AB2F97E20DD
:1007F000914211DB00218C4A11707F49496C21F430
:1008000080617D4A51640021854A11707A49C96B23
:1008100021F40071784AD1638149097841B10021FE
:10082000814A11707449496C21F48061724A5164A3
:100830007149496C01F0807111BB6F49B1F85010DA
:10084000012919D17349B1F9001011F1120F13DC0C
:1008500076490978491CC9B2744A1170032920DD10
:10086000002111700121724A11706349496C41F0F5
:100870008071614A516414E000216C4A117010E0EB
:100880006449B1F900105E4AB2F97E20914208DB5A
:100890000021674A11705849496C21F08071564A0D
:1008A00051645549B1F8401001F4007129BB524917
:1008B000B1F8501002291CD15049B1F90010504A2A
:1008C000B2F97020914214DB5A490978491CC9B227
:1008D000584A1170022926DD0121574A1170002162
:1008E000544A11704449096C41F40071424A116440
:1008F00019E000214F4A117015E03F49B1F850103E
:10090000022907D13D49B1F900103D4AB2F97220E0
:10091000914208DC0021484A11703749096C21F4E2
:100920000071354A11643449B1F8441001F4007182
:1009300029BB3149B1F8501002291CD12F49B1F916
:1009400000102F4AB2F97420914214DB3B49097818
:10095000491CC9B2394A1170032921DD0121384AE5
:1009600011700021354A11702349496C41F400711E
:10097000214A516414E00021304A117010E01F49EF
:10098000B1F900101E4AB2F97620914208DC00212C
:100990002B4A11701849496C21F40071164A5164B0
:1009A0001549B1F8401001F4006109BB1249B1F8D2
:1009B000501002294AD11749B1F90010104AB2F972
:1009C0008020914242DC1F490978491CC9B21D4A66
:1009D0001170022954DD01211B4A11700021194AAE
:1009E00011700549096C41F40061034A116447E044
:1009F00030E00000BB010020E003002048000020A0
:100A00008C0700203C020020DA0100203D0200207B
:100A1000DB0100204C00002040020020DE0100200D
:100A2000D501002041020020DF0100204202002009
:100A3000E00100203E020020DC0100203F020020F7
:100A4000DD01002043020020E10100200021584A7E
:100A5000117015E05749B1F85010022907D15649D5
:100A6000B1F90010554AB2F98220914208DB002109
:100A7000534A11704F49096C21F400614D4A1164C9
:100A80004C49B1F8441001F4006129BB4949B1F85F
:100A9000501002291CD14849B1F90010474AB2F957
:100AA0008420914214DC47490978491CC9B2454A5F
:100AB0001170032921DD0121434A11700021414AAF
:100AC00011703C49496C41F400613A4A516414E0A8
:100AD00000213C4A117010E03749B1F90010374A43
:100AE000B2F98620914208DB0021374A1170314962
:100AF000496C21F400612F4A51642E49B1F92E103E
:100B0000324A1288914211DB31490A780978491C2E
:100B10002F4B1970062A19DD00211A46117025493C
:100B2000096C41F40031234A11640FE00021284A86
:100B300011702049B1F92E10244A5288914205DCE7
:100B40001C49096C21F400311A4A11641949B1F9A0
:100B50002E101E4A9288914214DB1E490A780978A9
:100B6000491C1C4B1970062A1FDD00211A46117002
:100B70000121194A11700F49496C41F400010D4AD5
:100B8000516412E00021134A11700A49B1F92E1084
:100B90000E4AD288914208DC00210F4A11700549A3
:100BA000496C21F40001034A516400BF27E50000AD
:100BB00043020020E00300204C0000208C070020AE
:100BC000E101002044020020E2010020300000206A
:100BD0008401002085010020100200200246084800
:100BE000406858B1064840681923B0FBF3F109B9D1
:100BF00000207047B2FBF1F10846FAE70020F8E761
:100C00007825002030B5134800682822B0FBF2F1A7
:100C1000481EB0F1807F00D31BE0481E4FF0E02259
:100C2000506150170F22002804DB13071C0E0A4BDB
:100C30001C5406E013071D0E084B00F00F04241F80
:100C40001D5500BF00204FF0E02290610720106189
:100C500000BF30BDDC03002000E400E018ED00E040
:100C600010B504460848007828B107480078401EAF
:100C70000549087010BD0548C07CC0F3830008B961
:100C8000FEF728FE00BFF5E7E80200207410002000
:100C900010B50446002001F0A1FAFCF795FE1C48AF
:100CA000006820B11A480068401E194908601948B8
:100CB000007898B1184801880088401C164A1080B6
:100CC000B1F5346F04DC1548B0F900000F2808DADC
:100CD0000020114908800F49087002E000200E49E9
:100CE00008800F4800780A2810D00D48007868B1B5
:100CF0000C48008850B10B480088401E0949088004
:100D00000846008810B90A200549087010BD000087
:100D1000780100207E010020F40200204C00002019
:100D2000740100207C01002010B5044601F09CF9FC
:100D30003648007828B135480078401E334908709D
:100D400010BD3348007860B1324801780078401C0B
:100D5000304A1070022904DB0020114608702C492B
:100D60000870F7F71DFC2C48806A002837DA2B48FA
:100D700000682B4909684942084428490860084628
:100D80000068284988422ADD24480068401A23491F
:100D900008602148C06D401C1F49C8652248006991
:100DA000401C214908612148C068401C1F49C86097
:100DB0001F4800684FF47A71B0FBF1F01B49C96815
:100DC00088420CD81448806D401C13498865164829
:100DD0004069401C1449486100201449C860154806
:100DE000007870B11448007858B914480178007838
:100DF000401C124A1070022906DD002011460870BE
:100E000002E000200D49087000BF99E7EA020020C7
:100E10001A03002019030020E00300208C010020A9
:100E20001402002080EE36009808002018080020E8
:100E3000900100200002002001020020E9020020B1
:100E400010B540F22551094800F02BF938B1074898
:100E500000F0E4F9C4B22146012000F02FF940F27D
:100E60002F11024800F01CF810BD00000050004097
:100E700010B540F22551094800F013F938B1074880
:100E800000F0CCF9C4B22146002000F017F940F27E
:100E90002F11024800F004F810BD00000038014096
:100EA00001F40072B2F5007F00D100BFCA43028096
:100EB0007047000000B589B001210D20FDF736F81C
:100EC00001218803FDF732F801210805FDF70EF82E
:100ED00025208DF8200000208DF8220001208DF8BB
:100EE000230008A8FCF702FE35208DF82000002022
:100EF0008DF8220001208DF8230008A8FCF7F6FDEC
:100F00004FF48060ADF81C0004208DF81F0007A985
:100F10004248FBF7A3FB4FF40070ADF81C00032020
:100F20008DF81E0018208DF81F0007A93B48FBF71D
:100F300095FB4FF40070ADF81C0004208DF81F00E5
:100F400007A93748FBF78AFB4FF48070ADF81C0007
:100F500003208DF81E0018208DF81F0007A93048C7
:100F6000FBF77CFB01212F48FBF75EFA2E48406817
:100F700003900020ADF81000ADF81200ADF8140099
:100F8000ADF818000C20ADF8160003A9274800F0B2
:100F9000E1F82548006A03900020ADF81000ADF894
:100FA0001200ADF81400ADF818000C20ADF81600D2
:100FB00003A91F4800F0CEF8012240F225511B483A
:100FC00000F03EF8012240F22551194800F038F8AF
:100FD0000121164800F059F80121154800F055F894
:100FE000114800F065F910481C3000F061F9114813
:100FF000007888B901211048FEF7E0F9012000903F
:1010000005230022114601900C48FDF72BFE0948EC
:101010000078401C0749087009B000BD0008014075
:10102000000C0140C0003640602D0108003801402E
:1010300000500040C400002065130108811401081D
:10104000F0B50346002400260025002040F66A176C
:10105000B94200D100BF1846C1F3421401F01F0687
:10106000012707FA06F5012C01D10C3004E0022C0F
:1010700001D1103000E014301AB107682F43076027
:1010800002E00768AF430760F0BD21B1828942F4F6
:101090000052828104E082894DF6FF731A408281FA
:1010A000704702460020B1F5007F00D100BF1388D1
:1010B0000B400BB1012000E00020704710B5022862
:1010C00000DB10BD00EB8002214B03EB8202128992
:1010D00000EB80031E4C04EB8303DB889A4217DA93
:1010E00000EB8002234653F8222000EB800304EB40
:1010F00083031B89D15400EB8002234603EB820259
:101100001289521C00EB800304EB83031A811DE05B
:10111000002200EB80030E4C04EB83031A8100EBEA
:101120008002234653F8222000EB800304EB830364
:101130001B89D15400EB8002234603EB8202128903
:10114000521C00EB800304EB83031A8100BFB8E755
:101150003C0C00202DE9F04786B005460F460024E0
:10116000A24600BF00BF0026B88900B100BF2E46CE
:101170002C8A4CF6FF700440F88804432C82AC891A
:101180004EF6F3100440B88839890843798908433A
:101190000443AC81AC8A4FF6FF400440B889044355
:1011A000AC826846FCF7E8FE1948864205D019482B
:1011B000864202D01848864202D1DDF80CA001E038
:1011C000DDF808A00AEBCA0000EB0A1039688900B4
:1011D000B0FBF1F86420B8FBF0F0040120096421B1
:1011E00001FB1080322101EB00106421B0FBF1F90A
:1011F0000120B0EB191F04D16420B8FBF0F0401CB3
:10120000040109F00F0004432C8106B0BDE8F0870B
:1012100000380140005001400054014001468888D8
:10122000C0F308007047C1F30802828070470000D5
:1012300000B585B06A4600210348F6F7A2FC68466F
:10124000F6F74EFA05B000BD0064004001460B12EF
:101250004FF47F4000EA012243EA0200704710B5D4
:10126000044620680079702808DB2068007980280F
:1012700004DA00212046FAF729FA03E0002120468B
:10128000FCF7FCF910BD10B5044620680079702801
:1012900008DB20680079802804DA01212046FAF76B
:1012A00015FA03E001212046FCF7E8F910BD000023
:1012B00010B50446207802284EDA207800EB400072
:1012C000264901EB800000210160416081602178A6
:1012D00001EB8101224A02EB81001421F3F7E3F9CB
:1012E000217801EB81011E4AE06842F82100208A42
:1012F000217801EB810102EB8101C88002220021EB
:10130000A068FDF7F7FF217801EB8101144A02EB99
:10131000810108710020217801EB810102EB81013C
:101320000881217801EB41010C4A606942F82100F3
:10133000208B217801EB410102EB810188800020A4
:10134000217801EB410102EB8101C880217801EB9A
:10135000410102EB8101088110BD0000240C002036
:101360003C0C002070B5064600247FE004EB4400EE
:10137000404901EB80008088002875D05BE004BB09
:1013800004EB44003B4A52F8200004EB4402394B82
:1013900003EB8202D288815C3748FFF744FFFBF7FA
:1013A000CFFA054606E080213348FFF77AFE012890
:1013B00000D105E002212846FAF772F90028F2D0A0
:1013C00022E0012C20D104EB44002A4A52F82000EC
:1013D00004EB4402274B03EB8202D288815C27484E
:1013E000FFF721FFFBF7ACFA054606E08021234812
:1013F000FFF757FE012800D105E002212846FAF741
:101400004FF90028F2D000BF04EB4400194901EB6A
:101410008000C088401C04EB4401164A02EB8101A5
:10142000898890FBF1F201FB120004EB4401114AA0
:1014300002EB8101C88004EB44000E4901EB8000FF
:10144000C08804EB44010B4A02EB81010989884200
:1014500095D1002004EB440102EB8101C88004EB2C
:10146000440102EB81010881601C84B2022CFFF66A
:101470007DAF70BD240C00200038014000500040BA
:1014800010B5002400BF4AE004EB8400254901EBBD
:1014900080000089B8B3244830F8140004EB8401BC
:1014A000204A02EB8101098988422DD104EB840096
:1014B000114651F8200004EB840102EB8101C86061
:1014C00004EB8400114601EB8000018904EB8400E9
:1014D00002EB80000182002004EB840102EB810119
:1014E0000881114921F8140004EB84020D4B03EB31
:1014F000820202F10C0104EB840203EB82021079F8
:101500000122FDF72DFF08E004EB8400054901EB03
:1015100080000089044921F81400601CC4B2022C28
:10152000B2DB10BD3C0C0020C000002000BFFEE775
:10153000024604E012F8013B0BB100207047481E40
:10154000011EF7DA0120F9E710B515490888FFF701
:101550007DFE1449088012494888FFF777FE11493B
:1015600048800F498888FFF771FE0E4988800C4932
:10157000C888FFF76BFE0B49C8800420087207205B
:1015800048721E2206490A3106480A30F2F7EAFF7D
:1015900028220349283103482830F2F7E3FF10BD21
:1015A000D04100083E09002000B587B0142102A8F0
:1015B000F3F779F840F25130039000208DF80800DD
:1015C0001248006A6421B0FBF1F080B2ADF800006F
:1015D0000F48008F00B2ADF802000D48808F00B2B6
:1015E000ADF804000948006CB0FBF1F080B2ADF832
:1015F0000600DDE90001CDE905010820049002A9FB
:101600000120F6F777FD07B000BD00008C07002031
:101610002808002000B587B0142102A8F3F743F88A
:1016200040F25530039000208DF808001248B0F8C1
:101630004800ADF800001048B0F84A00ADF80200CC
:101640000D48B0F8480000EBC00101EB00104FF668
:10165000FF7101EA8000ADF8040000980590BDF824
:101660000400ADF818000620049002A90120F6F746
:1016700041FD07B000BD00002808002000B587B07C
:10168000142102A8F3F70FF840F25630039000201F
:101690008DF80800104840680A21B0FBF1F080B2D4
:1016A000ADF800000D48B0F8440000B2ADF80200FB
:1016B0000A48B0F84000ADF8040000980590BDF865
:1016C0000400ADF818000620049002A90120F6F7E6
:1016D00011FD07B000BD0000E00300202808002035
:1016E00000B585B014216846F2F7DDFF40F25A30AC
:1016F000019000208DF80000054903C9CDE90301E0
:101700000820029069460120F6F7F4FC05B000BD00
:101710003800002000B589B00C4A07CA01AB07C3E6
:10172000142104A8F2F7BFFF40F25E3005900020BC
:101730008DF81000DDE90101CDE9070108200690D0
:1017400004A90120F6F7D6FC09B000BD6C320108EF
:1017500000B587B0142102A8F2F7A5FF40F25F3070
:10176000039000208DF80800ADF800000A48817849
:10177000008861F31F20ADF8020000980590BDF8C5
:101780000400ADF818000620049002A90120F6F725
:10179000B1FC07B000BD0000D041000800B58BB01F
:1017A0001422134901A8F2F722FF142106A8F2F728
:1017B0007AFF00208DF818004FF45C700790DDE987
:1017C0000101CDE909010820089006A90120F6F7DA
:1017D00091FC40F271300790DDE90301CDE9090188
:1017E0000820089006A90120F6F784FC0BB000BD84
:1017F0007832010800B587B0142102A8F2F753FF30
:101800001248008911494989401A80B2ADF8000098
:101810000E48008AADF802000C48408AADF804007A
:101820000A484089ADF8060040F27230039000206B
:101830008DF80800DDE90001CDE9050108200490DC
:1018400002A90120F6F756FC07B000BD28080020C9
:1018500000B587B0142102A8F2F725FF1348408B8A
:10186000ADF800001148008BADF802000F48C08AA7
:1018700000F2111080B2ADF804000C48808A00F22A
:10188000111080B2ADF8060040F2733003900020D2
:101890008DF80800DDE90001CDE90501082004907C
:1018A00002A90120F6F726FC07B000BD2808002099
:1018B00000B593B014210EA8F2F7F5FE00200B90AE
:1018C0000C900D90089009900A9005900690079052
:1018D00002900390049001905648C078421C56A193
:1018E0000BA8F2F747FD55A10BA8F2F72FFE5148C0
:1018F000C07800EB4000524901EB80004078421C68
:101900004DA101A8F2F736FD01A90BA8F2F71EFEC2
:101910000020019047488078421C47A108A8F2F7B0
:1019200029FD46A108A8F2F711FE4248807800EB95
:101930004000434911F82000421C3FA101A8F2F7E2
:1019400019FD01A908A8F2F701FE0020019039480D
:101950004078421C38A105A8F2F70CFD37A105A874
:10196000F2F7F4FD3348407800EB4000344901EBD6
:101970008000C078421C30A101A8F2F7FBFC01A94D
:1019800005A8F2F7E3FD002001902A480078421CE8
:1019900029A102A8F2F7EEFC28A102A8F2F7D6FDD1
:1019A0002448007800EB4000254901EB8000807856
:1019B000421C21A101A8F2F7DDFC01A902A8F2F75F
:1019C000C5FD00208DF838004FF45D700F90DDE903
:1019D0000B01CDE91101082010900EA90120F6F7A6
:1019E00089FB40F275300F90DDE90801CDE9110166
:1019F000082010900EA90120F6F77CFB40F276300B
:101A00000F90DDE90501CDE91101082010900EA924
:101A10000120F6F76FFB40F277300F90DDE902010D
:101A2000CDE91101082010900EA90120F6F762FB04
:101A300013B000BD62030020256400003A3A0000A4
:101A4000802C002000B587B0142102A8F2F72BFEED
:101A50000020009001904FF45E70039000208DF8FC
:101A60000800DDE90001CDE905010820049002A984
:101A70000120F6F73FFB07B000BD000000B587B0BE
:101A80000C48808880B20190142102A8F2F70BFE66
:101A900040F27930039000208DF80800BDF8040072
:101AA000ADF814000220049002A90120F6F722FBF1
:101AB00007B000BD2808002000B58BB0142106A88F
:101AC000F2F7F1FD13480168039140680490114852
:101AD00001680291406800208DF818004FF4607092
:101AE0000790DDE90301CDE909010820089006A966
:101AF0000120F6F7FFFA40F281300790DDE900019E
:101B0000CDE909010820089006A90120F6F7F2FAAC
:101B10000BB000BDE808002010B504460D2C2FD2F4
:101B2000DFE804F0070A0D101316191C1F222528E0
:101B30002B00FFF739FD23E0FFF76CFD20E0FFF7F6
:101B40009DFD1DE0FFF7CCFD1AE0FFF7E3FD17E078
:101B5000FFF7FEFD14E0FFF721FE11E0FFF74AFE5C
:101B60000EE0FFF775FE0BE0FFF7A2FE08E0FFF7BF
:101B700069FF05E0FFF782FF02E0FFF79DFF00BF6E
:101B800000BF10BD1CB5012000904FF47A730022F5
:101B9000114601900148FDF765F81CBDA11B010825
:101BA00010B5044618480088401C174908800020DA
:101BB000FFF7B2FF0120FFF7AFFF0220FFF7ACFFF6
:101BC0000320FFF7A9FF0520FFF7A6FF0720FFF777
:101BD000A3FF0820FFF7A0FF0920FFF79DFF0A4899
:101BE0000088052190FBF1F201FB120058B90C208E
:101BF000FFF792FF0B20FFF78FFF0420FFF78CFF0A
:101C00000620FFF789FF10BDD8030020EE490978B0
:101C100001B17047ED49B1F90010072908DC40F621
:101C20003451EB4A118040F61651EA4A11800CE01B
:101C3000E649B1F90010092907DDE749098EE44AB0
:101C40001180E549498EE34A1180E44991F840103A
:101C500001F00401F1B9E2490988DD4A1288914294
:101C600014DDE0490978491CC9B2DE4A1170052922
:101C70001FDD0121DC4A11700021DA4A1170D749B9
:101C8000096C41F00401D54A116412E00021D54AE3
:101C900011700EE0D2490988CE4A1288914208DAC2
:101CA0000021D14A1170CD49096C21F00401CB4AC1
:101CB0001164CA4991F8441001F00401F1B9C8490E
:101CC0000988C54A928E914214DDC8490978491C99
:101CD000C9B2C64A117003291FDD0121C44A11701F
:101CE0000021C24A1170BD49496C41F00401BB4A50
:101CF000516412E00021BD4A11700EE0B849098814
:101D0000B54AD28E914208DA0021B94A1170B3491E
:101D1000496C21F00401B14A5164B049496C01F4A5
:101D2000802119BBAE49098840F6AC52914219DBBB
:101D3000A649B1F90010072914DCAE490978491CFD
:101D4000C9B2AC4A1170032924DD0121AA4A1170DD
:101D50000021A84A1170A149496C41F480219F4A91
:101D6000516417E00021A34A117013E09C490988CF
:101D700040F61652914204DB9449B1F9001009294A
:101D800008DB00219C4A11709449496C21F48021A0
:101D9000924A5164914991F8401001F00201F1B961
:101DA0008E4949688C4A126A914214D9934909783C
:101DB000491CC9B2914A117005291FDD0121904AC1
:101DC000117000218D4A11708449096C41F00201A3
:101DD000824A116412E00021884A11700EE07F49A6
:101DE00049687D4A526A914208D20021844A1170A2
:101DF0007A49096C21F00201784A1164774991F817
:101E0000401001F02001F9B97E490988724AB2F800
:101E10004820914214DA7C490978491CC9B27A4AAF
:101E20001170052920DD0121784A11700021764AC0
:101E300011706A49096C41F02001684A116413E08D
:101E40000021714A11700FE06E490988624AB2F8A8
:101E50004A20914208DD00216C4A11705F49096CEB
:101E600021F020015D4A116469490978012921D1D5
:101E70005A49B1F8501041B95749B1F84C10654A68
:101E800011802821644A118006E040F6C411614A9D
:101E900011801021604A118060490A880988491C14
:101EA0005E4B1980642A0DDD00211A461180584AC4
:101EB000117007E04849B1F84C10564A11800321CF
:101EC000554A1180454991F8441001F02001E9BBC1
:101ED0004249B1F8501001294AD04A490988B1F560
:101EE000FA6F1DDA4749098840F2DC52914217DD4A
:101EF00000214B4A11804B490978491CC9B2494A13
:101F0000117003295DDD0121474A11700021454A06
:101F100011703249496C41F02001304A516450E05F
:101F2000384909883B4A128891421BDA00213D4A10
:101F300011703B490988491C89B2394A1180364AD7
:101F4000128891423DDD0121374A00E010E0117016
:101F50000021334A11802149496C41F020011F4A78
:101F600051642EE000212E4A11802E4A117028E083
:101F70001A4991F8441001F02001F9B1214909886A
:101F8000154AB2F84E20914204DA1449B1F85010C3
:101F9000012913D125490978491CC9B2234A117076
:101FA00003290EDD0021204A1170204A11700B49CF
:101FB000496C21F02001094A516402E000211B4ACA
:101FC000117000BF25E60000BB0100204C0000207E
:101FD000380200203A0200208C070020E003002095
:101FE0004000002020020020E40100202102002007
:101FF000E501002028020020E30100202902002042
:10200000E60100204400002022020020EC01002014
:10201000340200203002002032020020360200206C
:102020002402002026020020ED01002027020020CB
:1020300010B549F640440120FBF798FF00BF61202E
:10204000FCF724F80028FAD045F25550FBF784F944
:102050000420FBF77BF940F25370FBF761F9FBF7C3
:102060006DF9FBF763F910BD10B5FBF767F910BD0B
:1020700030380A2801D20120704700207047000044
:10208000F0B50C46059D0026154F3F7807705F1D83
:102090003F1247705F1D87700127C7700271552777
:1020A0004771AA278771C5715F1D07EB27277F1C22
:1020B0001744FF372F44FEB200210AE014F801C094
:1020C00001F1080700F807C0675C3744FEB24F1CF7
:1020D000F9B29942F2DB03F10807C655F0BD0000E2
:1020E00018030020552809D11149124A1160091F0F
:1020F000114A11601149124A116018E069280AD189
:102100000B4980310B4A1160091F0B4A11600D49C0
:102110000B4A11600BE05A2809D10849F839054AE1
:102120001160091F044A11600749054A1160704790
:10213000083E0008B0000020B40000200040000865
:10214000B8000020002801080010020870467047FF
:1021500070B50446002500BF10E00A4A9188106857
:10216000FAF723FB6420F9F7C6F9064A918810684C
:10217000FAF719FB6420F9F7BEF96D1CA542ECDBF8
:1021800070BD0000C800002072B6114811490860F7
:1021900000BF00BF00BFBFF35F8F00BF00BF00BF25
:1021A00062B6FEF713F8FAF764FCF8F743FEF4F7AB
:1021B0009DFFF4F7D1F8F2F7C9FFFFF7E3FCF4F75E
:1021C0007DFA0320FFF7C4FF01E0FCF72DFBFCE7DD
:1021D0000040000808ED00E07047000010B502461E
:1021E0003D4B9B685B1C3C4CA3602346DB685B1C3F
:1021F000E3603A4B1B78FF2B03D1394B1B79374CEB
:102200002370384B93F8483003F00203002B61D160
:10221000002106E0334B2C3333F81130034418B25D
:10222000491C0129F6DB00B2052805DA2A4BDB6AD6
:102230005B1C294CE3621CE00F2805DA264B1B6B64
:102240005B1C254C236314E0232805DA224B5B6BCF
:102250005B1C214C63630CE0322805DA1E4B9B6B40
:102260005B1C1D4CA36304E01B4BDB6B5B1C1A4C1B
:10227000E3631C4BB3F93430052B05DA164BDB69ED
:102280005B1C154CE36125E0164BB3F934300F2B82
:1022900005DA114BDB695B1C0F4CE3611AE0114B53
:1022A000B3F93430232B05DA0B4B1B6A5B1C0A4C49
:1022B00023620FE00B4BB3F93430322B05DA064BB7
:1022C0005B6A5B1C044C636204E0034B9B6A5B1C0F
:1022D000014CA36210BD00009808002057030020A5
:1022E00000000020E00300207047000010B591EAD4
:1022F000030F48BF83F0004300F1D683841A71EBCB
:10230000030C05D2121943EB0C03001B61EB0C010B
:10231000DFF824E14FEA1154A4EB135C1EEA430FEB
:1023200018BF9EEA445F73D023EA0E03DCF1200E4F
:1023300021EA045143F4801332D322FA0CFE10EB4D
:102340000E0023FA0CFE41EB0E01CCF1200E03FA35
:102350000EFE10EB0E0051F10001B1F5801FCCF123
:10236000200E32D201EB045112FA0EF2BDE81040F9
:1023700058BF7047401C38BF5FEA420218BF704721
:10238000002814BF20F0010041F100014FEA410391
:1023900013F5001F38BF7047A1F1C04100F040BBEA
:1023A000012A43EB0302ACF1200CDCF11F0E32BF1B
:1023B0004FF0000E23FA0CF310EB030041EB045135
:1023C000B4EB115FD0D0A1EB045101F580114908A5
:1023D0005FEA300001EB04510ED350F1000038BF2A
:1023E00012FA0EFE08D1BDE81040C9E7401C38BF04
:1023F0005FEA4202CAD1C3E7BDE810404FEA410399
:1024000013F5001F38BF7047A1F1C04100F008BBB1
:102410009EEA445F08D011EA5E0FBDE8104004BF99
:1024200001F0004100207047BDE8104070B500F099
:10243000A9FA00BF64FBBE3E0000E0FF491058BF90
:10244000C1F140415B1058BFC3F140438B42EFF3F1
:10245000008070472DE9C04130B4DFF8A0C23CEAEB
:10246000111418BF3CEA131400F0EC8081EA030554
:102470001CEA111444EAD57418BF1CEA131500F0C5
:10248000C780A4EB05044FF0004545EAC12145EAA9
:10249000C32341EA505143EA525304F17F749942F5
:1024A00004F500344FEAC0204FEAC22208BF904230
:1024B00000F09C804FEA13650FF24016765D4FEAFC
:1024C000134506FB05F7C7F1807706FB07F74FEAD0
:1024D000D737A7FB03687642C8F58038A7FB06CE3E
:1024E00038BFA8F1010807FB08E64FF0000EA6FB75
:1024F000028CE6FB03CEDCF1000CCEF1004E38BFBF
:10250000AEF1010EA6FB0C584FF000074FF000058E
:10251000E6FB0E87A1FB08C6A0FB07CE16EB0E0656
:1025200045F10005E1FB076515F1E04E7EBFA4F51E
:1025300080345FEA46066D4116F1800745F10005DB
:102540004FEA17274FEA066647EA0567A6F1DE4617
:10255000B6F1805F4FEA15251FD9384624F0010CEB
:1025600005EBC471BCF1FE6F01EB0C1102D8F0BC9D
:10257000BDE8008124425CBF01F5801E9EEAC47F55
:1025800002D4F0BCBDE80081244238D4F0BCA1F1F3
:10259000C041BDE8004100F043BA4FEAD22242EA0E
:1025A00043524FEAD323A7FB02864FEAD02040EAEA
:1025B000415007FB03661EEA0E0F4FEAD12105FBCF
:1025C000026658BFA6EB0056B6EB00564FEA520E15
:1025D0004EEAC37E18EB0E0E56EB530EBDD518EB2C
:1025E00002085E417F1C55F10005B6E74FF48015E7
:1025F0004FF000074FF000064FF00008ADE7F0BCC9
:102600004FF0000001F1C04101F00041BDE8008140
:1026100011EA0C1F0CEA131500D00CE013EA0C1F92
:1026200000F025804FF00000F0BC81EA030101F0CA
:102630000041BDE80081F0BCBDE8004181EA030132
:1026400000F0EEB9F0BCBDE8004170B500F09AF9B9
:10265000097EFC3E00F007B881EA03014FF000005C
:1026600001F00041704781EA030100F0D9B9F0BCE4
:10267000BDE800414FF0000021497047FFFDFBF924
:10268000F7F5F4F2F0EEEDEBE9E8E6E4E3E1E0DEA5
:10269000DDDBDAD8D7D5D4D3D1D0CFCDCCCBCAC817
:1026A000C7C6C5C4C2C1C0BFBEBDBCBBBAB9B8B73E
:1026B000B6B5B4B3B2B1B0AFAEADACABAAA9A8A831
:1026C000A7A6A5A4A3A3A2A1A09F9F9E9D9C9C9BFF
:1026D0009A999998979796959594939392919190AA
:1026E0008F8F8E8E8D8C8C8B8B8A8989888887873B
:1026F0008685858484838382828181800000FF07B0
:102700000000F87F4FEA41034FEA5353A3F580637B
:10271000D3F11E03C8BFD3F1210C0CDD4FF00042F2
:1027200042EAC12242EA505232FA03FC8CEAE17CCE
:10273000ACEBE1707047102BC4BF0020704703F56D
:10274000787CBCF1FF3F04D06FF0004282EA2100A8
:10275000704770B500F016F9499224800020704748
:10276000F2E710F0004248BF4042B0FA80F310FA9E
:1027700003F10AD0C3F11D0303F580634FEA415012
:1027800002EB035202EBD12170474FF0000070477B
:10279000B0FA80F310FA03F10AD0C3F11D0303F578
:1027A00080634FEA41504FEA035202EBD121704758
:1027B0004FF000007047000051EA030C17D41CF5DD
:1027C000801F58BFBCF5801F00F10680994218BFDA
:1027D000704708BF9042704707D711F5801F58BF58
:1027E00013F5801F19D499427047894270471CF530
:1027F000801F08D5BCF5801FF7D58B4218BF7047E6
:1028000008BF824270474FF4001C1CEB410F38BFD9
:102810001CEB430F01D28B42704770B500F0B2F849
:10282000922449004FF000514FF08053FFF706BE4D
:10283000DFF848C170B51CEA111E1EBF1CEA131553
:102840009EEA0C0F95EA0C0F00F06F8081EA0304FA
:1028500023EA4C134EEAD47E21EA4C1141F4801154
:1028600043F48013AE44A1FB024CA0FB0365AEF120
:102870007F7E361955EB0C05A1FB034C4CF1000390
:10288000A0FB021C16EB0C06654153F10003094244
:1028900018BF46F0010613F4007F0BD14FEA033155
:1028A0004FEA0530340341EA155140EA16506FF003
:1028B00003020AE04FEAC3214FEAC520F40241EACD
:1028C000555140EA56506FF0020202EB2E4201EBE6
:1028D000025585EACE710AD05FEA440C18BF24F095
:1028E000004450F1000041F1000120EAD47040F2B0
:1028F000FE7C624500D270BDA84214BF4FF08044F8
:102900004FF04044002E08BF0024BEF1806FA8BFE6
:10291000A1F1C041BDE8704080F282804FF000001C
:1029200001F1C04101F0004170479EEA0C0F0CEA32
:10293000131518BF95EA0C0F06D04FF0000081EA7E
:10294000030E0EF0004170BD00F01CF88900013E3E
:1029500000F007B800F009B84FEA430C5FEA5C5C8E
:1029600008D081EA030100F05BB84FEA410C5FEA4E
:102970005C5CF6D14FF00000014970470000FF0792
:102980000000F87F0EF1020E2EF0030E5EF8046BCD
:10299000364205D4012A43EB030515F5001F12D872
:1029A000012841EB010C1CF5001F0CD80ED14FEA99
:1029B000D17C15F5001F0CEB4C0C0CF1020C08BF80
:1029C0004CEBD37C04E04FF0080C01E04FEAD37CE1
:1029D0000CEB4C0526FA05F606F00706B6F1040CDA
:1029E00006D20EEB860CBDE870404CF0010C60473F
:1029F000DFE80CF0090B02024FF000414FF000003D
:102A0000A1F5002170BD19461046012851EB0104C3
:102A100018BFD4F5001484BF002001F0004170BD40
:102A20000808A0F500114FEA3101704753EA010C84
:102A300017D41CF5801F58BFBCF5801F00F106801D
:102A40008B4218BF704708BF8242704707D713F503
:102A5000801F58BF11F5801F19D48B4270479B42CD
:102A600070471CF5801F08D5BCF5801FF7D599422B
:102A700018BF704708BF904270474FF4001C1CEB12
:102A8000430F38BF1CEB410F01D2994270470FB47E
:102A90000CBC03BCFFF7C1BE10B591EA030F48BFE1
:102AA00083F000433FF52AAC841A71EB030C07D284
:102AB00012198CF0004C43EB0C03001B61EB0C0172
:102AC000DFF8A4E14FEA1154A4EB135C1EEA430FB4
:102AD00018BF9EEA445F00F0B08023EA6E035242C2
:102AE00021EA0451C3EB6E0338BF5B1EDCF1200EFC
:102AF00025D322FA0CFE10EB0E0043FA0CFE41EB3C
:102B00000E01CCF1200E03FA0EFE10EB0E0051F177
:102B10000001CCF1200E29D412FA0EF201EB04517F
:102B2000BDE8104058BF7047401C1CBFB2F1004FB9
:102B3000704700280CBF491C20F00100704712EBC1
:102B4000020E43EB030218BF4FF0010E4EEA4202A1
:102B5000ACF1200CDCF11E0E54D943FA0CFE10EB44
:102B60000E0051F1FF31CCF11E0ED5D50EF1010E44
:102B700012FA0EFE404141EB010101EB445C5FEAB9
:102B80005C5C10D910EBDE7001EB045138BFBEF174
:102B9000004FBDE8104018BF704700280CBF491C0B
:102BA00020F00100704730D24FEAD42C11F500110B
:102BB00024F400641BD0B1FA81F20B3AA41AA41ECB
:102BC000D2F12003914030FA03F31943904001EB16
:102BD000CC71002C01EB0451BDE81040A8BF704738
:102BE00001F1C0414FF0000001F000417047B0FA20
:102BF00080F310FA03F100D110BDE41A173C480528
:102C0000C90AE4E701EB045110BD491001EB04517E
:102C1000BDE810404FEA300002E04FF0000170477D
:102C20004A0008BF0042F8D0B2F5001F28BF704725
:102C300001F000414FF0000070479EEA445F07D06A
:102C400011EA5E0FBDE8104004BF0021002070476C
:102C5000BDE8104070B5FFF795FE00BF40DFF63EBF
:102C600083F00041104670470000E0FF4FF04070D5
:102C7000E1EE100A704700001027102710271027D8
:102C8000102710271027102710271027102710278C
:102C9000102710271027102710271027A028000022
:102CA000A0280000A0280000A0280000A028000004
:102CB000A028000010271027102710271027102702
:102CC00010271027080700002C010000100E00003C
:102CD000480D00008C3C0000983A0000803E000047
:102CE0008C3C0000A438000090330000083900003C
:102CF00020350000AC0D480D420E7A0DE02E00008C
:102D0000C832000010270000302A0000B80B800CE9
:102D1000C409B80BA086010080380100C0D40100AE
:102D20006079FEFF80C7FEFF402BFEFF32002D00C2
:102D3000410037003700320046003C000500080023
:102D40000000050000000500ECFFF6FF05000A008A
:102D5000424154333247313337474834380000005A
:102D600000000000004B00005F120108640C00200E
:102D700000010000640D00200001000001000000BF
:102D8000004B000087120108640E002000010000C3
:102D9000640F0020000100000064004000000000FB
:102DA00090D00300E1760008EC1000203200000013
:102DB000D414002032000000006800400100000030
:102DC00020A1070000000000BC1800203200000015
:102DD000A41C002032000000006800400200000037
:102DE00020A10700000000008C2000201E00000031
:102DF000E42200201E000000DE09B10A840BCA0B89
:102E0000110C3B0C660C7B0C900C910C930C940CED
:102E1000940C960C990C9D0CA20CA80CAE0CB40C46
:102E2000BA0CC10CC70CCB0CCF0CCA0CDA0CDD0CE5
:102E30008C0A700BC90B090C3A0C5F0C700C750CEA
:102E4000770C790C7A0C7B0C7D0C800C880C8F0C29
:102E5000940C990C9F0CA50CAA0CAD0CB00CB30CE7
:102E6000B70CBA0CBE0CC10CB08E03009C5703000B
:102E70004924030070F40200CDC70200249E020022
:102E80003C770200E2520200E63002001CC701005B
:102E90009DAF01007B990100A0840100F770010043
:102EA0006E5E0100F14C0100703C0100DB2C010062
:102EB000241E01003D10010019030100ACF60000C2
:102EC000ECEA0000CEDF000047D5000051CB000047
:102ED000E1C10000F0B8000076B000006DA800006D
:102EE000CEA0000093990000B6920000338C000041
:102EF00003860000238000008D7A00007194040096
:102F000032700000656B0000D46600007C62000037
:102F1000585E0000685A0000A756000014530000D5
:102F2000AC4F00006C4C0000534900005F460000AD
:102F30008D430000DC4000004B3E0000D73B00000A
:102F400080390000433700002035000015330000B1
:102F500021310000422F0000792D0000C32B00001A
:102F6000202A00009028000010270000A025000063
:102F700040240000EE220000AB210000752000007C
:102F80004C1F00002F1E00001E1D0000171C00001B
:102F90001C1B00002A1A00004219000064180000DF
:102FA0008E170000C1160000FB1500003E15000042
:102FB00087140000D81300002F1300008D120000AA
:102FC000F11100005C110000CB1000004010000067
:102FD000BA0F00003A0F0000BE0E0000460E0000BF
:102FE000D40D0000640D0000F90C0000920C0000EC
:102FF000300C0000CF0B0000720B00001A0B000019
:10300000C40A0000710A0000210A0000D309000070
:103010008909000041090000FB080000B808000011
:103020007708000038080000FC070000C107000016
:1030300088070000520700001D070000E906000095
:10304000B8060000880600005A0600002D060000A1
:1030500002060000D7050000AF050000870500004C
:10306000600500003C05000019050000F6040000A2
:10307000D7040000B8040000990400007B0400009D
:103080005E04000043040000270400000D0400005B
:10309000F4030000D1030000B80300009D0300000A
:1030A000850300006F030000590300004403000083
:1030B0002F0300001B03000008030000F5020000BE
:1030C000E3020000D1020000C0020000AF020000D5
:1030D0009F0200008F0200008002000071020000C9
:1030E00062020000540200004602000039020000A3
:1030F0002C0200001F02000013020000380F2F0FE7
:10310000240F180F0B0FFD0EF10EE40ED50EC50E99
:10311000B30EA40E940E830E6F0E5A0E490E360E89
:10312000210E0B0EF30DDE0DC70DAE0D930D760DBA
:103130005E0D450D2A0D0C0DEC0CD00CB20C910C53
:103140006E0C470C2C0C0F0CF00BD00BAD0B8E0B38
:103150006E0B4B0B270B000BD70AAB0A7C0A490AF4
:10316000130AF009CC09A7097F09550938091A097A
:10317000FC08DB08BA08980874084F0828080008FB
:10318000D607AB077D074E071C070007E306C606F8
:10319000A70688066806480626060306E005C20557
:1031A000A30584056405430525050705E804C8044F
:1031B000A7048E0475045B04410426040F04F8037D
:1031C000E103C903B1039D03880373035E0348034E
:1031D000350322030F03FC02E802D802C702B6023D
:1031E000A5029402850276026602570247023A025D
:1031F0002E02210214020702FB01EF01E301D701B5
:10320000CA01C001B601AB01A10196018D01850182
:103210007C0173019D07000A010000005802640050
:10322000B80B08071900000064000000000000004F
:103230000000000005000A000A000A000A001E0043
:103240001E001E003700320032003200460000002F
:1032500000000000000064006400140064006400CA
:10326000370064006400460000000000426174748E
:103270006572790000000000426174746572790023
:10328000000000000000000000000000000001023B
:103290000304010203040607080901020406080AE0
:1032A0000C102020202020202020010002000400FB
:1032B000060008000A000C001000200040008000FA
:1032C00000010001000100010001040000080000ED
:1032D000000000000002000100001000FC320108A4
:1032E00000000020E0030000544200088033010881
:1032F000E0030020D8430000A0410008016E120145
:103300001AFF010129124082083203021C551508D8
:103310000140013A10085A02085A08085A40082A7F
:1033200080085A0C28190839281908114B404808F8
:103330001A80081928114A8018120849185A1028AA
:103340005A04482A2008014E022F020A37011D099B
:10335000132E0928323C8C0A032E054E100E480D00
:10336000A9840321B20C0A1C1EEDE9171232026C6B
:10337000050211FF025A32E9EC91040051250200C6
:040000050800419915
:00000001FF
